[0.000000] (-) TimerEvent: {}
[0.000181] (example_interfaces_rclpy) JobQueued: {'identifier': 'example_interfaces_rclpy', 'dependencies': OrderedDict()}
[0.000213] (example_ros_interfaces) JobQueued: {'identifier': 'example_ros_interfaces', 'dependencies': OrderedDict()}
[0.000858] (example_interfaces_rclpy) JobStarted: {'identifier': 'example_interfaces_rclpy'}
[0.007024] (example_ros_interfaces) JobStarted: {'identifier': 'example_ros_interfaces'}
[0.099812] (-) TimerEvent: {}
[0.181313] (example_ros_interfaces) JobProgress: {'identifier': 'example_ros_interfaces', 'progress': 'cmake'}
[0.181734] (example_ros_interfaces) Command: {'cmd': ['/usr/bin/cmake', '/home/yezi/ros2/chapt4/chapt4_ws/example_ros_interfaces', '-DCMAKE_INSTALL_PREFIX=/home/yezi/ros2/chapt4/chapt4_ws/install/example_ros_interfaces'], 'cwd': '/home/yezi/ros2/chapt4/chapt4_ws/build/example_ros_interfaces', 'env': OrderedDict([('LESSOPEN', '| /usr/bin/lesspipe %s'), ('LANGUAGE', 'zh_CN:en'), ('USER', 'yezi'), ('SSH_CLIENT', '192.168.243.1 50703 22'), ('LC_TIME', 'zh_CN.UTF-8'), ('XDG_SESSION_TYPE', 'tty'), ('GIT_ASKPASS', '/home/yezi/.vscode-server/cli/servers/Stable-a5b500951314efd502d07465bd138dfbd714a960/server/extensions/git/dist/askpass.sh'), ('SHLVL', '1'), ('LD_LIBRARY_PATH', '/home/yezi/ros2/chapt4/chapt4_ws/install/example_ros_interfaces/lib:/opt/ros/humble/opt/rviz_ogre_vendor/lib:/opt/ros/humble/lib/x86_64-linux-gnu:/opt/ros/humble/lib'), ('BROWSER', '/home/yezi/.vscode-server/cli/servers/Stable-a5b500951314efd502d07465bd138dfbd714a960/server/bin/helpers/browser.sh'), ('MOTD_SHOWN', 'pam'), ('HOME', '/home/yezi'), ('OLDPWD', '/home/yezi/ros2/chapt4'), ('TERM_PROGRAM_VERSION', '1.133.0'), ('VSCODE_IPC_HOOK_CLI', '/run/user/1000/vscode-ipc-973efcb5-2244-41c5-925d-4c40ff790d1b.sock'), ('ROS_PYTHON_VERSION', '3'), ('VSCODE_GIT_ASKPASS_MAIN', '/home/yezi/.vscode-server/cli/servers/Stable-a5b500951314efd502d07465bd138dfbd714a960/server/extensions/git/dist/askpass-main.js'), ('LC_MONETARY', 'zh_CN.UTF-8'), ('VSCODE_GIT_ASKPASS_NODE', '/home/yezi/.vscode-server/cli/servers/Stable-a5b500951314efd502d07465bd138dfbd714a960/server/node'), ('VSCODE_PYTHON_AUTOACTIVATE_GUARD', '1'), ('DBUS_SESSION_BUS_ADDRESS', 'unix:path=/run/user/1000/bus'), ('COLORTERM', 'truecolor'), ('COLCON_PREFIX_PATH', '/home/yezi/ros2/chapt4/chapt4_ws/install'), ('ROS_DISTRO', 'humble'), ('LOGNAME', 'yezi'), ('_', '/usr/bin/colcon'), ('ROS_VERSION', '2'), ('XDG_SESSION_CLASS', 'user'), ('TERM', 'xterm-256color'), ('XDG_SESSION_ID', '3'), ('ROS_LOCALHOST_ONLY', '0'), ('PATH', '/home/yezi/.vscode-server/cli/servers/Stable-a5b500951314efd502d07465bd138dfbd714a960/server/bin/remote-cli:/home/yezi/.local/bin:/opt/ros/humble/bin:/usr/local/sbin:/usr/local/bin:/usr/sbin:/usr/bin:/sbin:/bin:/usr/games:/usr/local/games:/snap/bin'), ('PAPERSIZE', 'a4'), ('LC_ADDRESS', 'zh_CN.UTF-8'), ('XDG_RUNTIME_DIR', '/run/user/1000'), ('DISPLAY', ':0'), ('LANG', 'zh_CN.UTF-8'), ('LC_TELEPHONE', 'zh_CN.UTF-8'), ('LS_COLORS', 'rs=0:di=01;34:ln=01;36:mh=00:pi=40;33:so=01;35:do=01;35:bd=40;33;01:cd=40;33;01:or=40;31;01:mi=00:su=37;41:sg=30;43:ca=30;41:tw=30;42:ow=34;42:st=37;44:ex=01;32:*.tar=01;31:*.tgz=01;31:*.arc=01;31:*.arj=01;31:*.taz=01;31:*.lha=01;31:*.lz4=01;31:*.lzh=01;31:*.lzma=01;31:*.tlz=01;31:*.txz=01;31:*.tzo=01;31:*.t7z=01;31:*.zip=01;31:*.z=01;31:*.dz=01;31:*.gz=01;31:*.lrz=01;31:*.lz=01;31:*.lzo=01;31:*.xz=01;31:*.zst=01;31:*.tzst=01;31:*.bz2=01;31:*.bz=01;31:*.tbz=01;31:*.tbz2=01;31:*.tz=01;31:*.deb=01;31:*.rpm=01;31:*.jar=01;31:*.war=01;31:*.ear=01;31:*.sar=01;31:*.rar=01;31:*.alz=01;31:*.ace=01;31:*.zoo=01;31:*.cpio=01;31:*.7z=01;31:*.rz=01;31:*.cab=01;31:*.wim=01;31:*.swm=01;31:*.dwm=01;31:*.esd=01;31:*.jpg=01;35:*.jpeg=01;35:*.mjpg=01;35:*.mjpeg=01;35:*.gif=01;35:*.bmp=01;35:*.pbm=01;35:*.pgm=01;35:*.ppm=01;35:*.tga=01;35:*.xbm=01;35:*.xpm=01;35:*.tif=01;35:*.tiff=01;35:*.png=01;35:*.svg=01;35:*.svgz=01;35:*.mng=01;35:*.pcx=01;35:*.mov=01;35:*.mpg=01;35:*.mpeg=01;35:*.m2v=01;35:*.mkv=01;35:*.webm=01;35:*.webp=01;35:*.ogm=01;35:*.mp4=01;35:*.m4v=01;35:*.mp4v=01;35:*.vob=01;35:*.qt=01;35:*.nuv=01;35:*.wmv=01;35:*.asf=01;35:*.rm=01;35:*.rmvb=01;35:*.flc=01;35:*.avi=01;35:*.fli=01;35:*.flv=01;35:*.gl=01;35:*.dl=01;35:*.xcf=01;35:*.xwd=01;35:*.yuv=01;35:*.cgm=01;35:*.emf=01;35:*.ogv=01;35:*.ogx=01;35:*.aac=00;36:*.au=00;36:*.flac=00;36:*.m4a=00;36:*.mid=00;36:*.midi=00;36:*.mka=00;36:*.mp3=00;36:*.mpc=00;36:*.ogg=00;36:*.ra=00;36:*.wav=00;36:*.oga=00;36:*.opus=00;36:*.spx=00;36:*.xspf=00;36:'), ('VSCODE_GIT_IPC_HANDLE', '/run/user/1000/vscode-git-c27b8b268b.sock'), ('TERM_PROGRAM', 'vscode'), ('AMENT_PREFIX_PATH', '/home/yezi/ros2/chapt4/chapt4_ws/install/example_ros_interfaces:/home/yezi/ros2/chapt4/chapt4_ws/install/example_interfaces_rclpy:/opt/ros/humble'), ('SHELL', '/bin/bash'), ('LC_NAME', 'zh_CN.UTF-8'), ('LESSCLOSE', '/usr/bin/lesspipe %s %s'), ('LC_MEASUREMENT', 'zh_CN.UTF-8'), ('LC_IDENTIFICATION', 'zh_CN.UTF-8'), ('VSCODE_GIT_ASKPASS_EXTRA_ARGS', ''), ('PWD', '/home/yezi/ros2/chapt4/chapt4_ws/build/example_ros_interfaces'), ('LC_ALL', 'en_US.UTF-8'), ('SSH_CONNECTION', '192.168.243.1 50703 192.168.243.128 22'), ('XDG_DATA_DIRS', '/usr/share/gnome:/home/yezi/.local/share/flatpak/exports/share:/var/lib/flatpak/exports/share:/usr/local/share:/usr/share:/var/lib/snapd/desktop'), ('PYTHONPATH', '/home/yezi/ros2/chapt4/chapt4_ws/install/example_ros_interfaces/local/lib/python3.10/dist-packages:/home/yezi/ros2/chapt4/chapt4_ws/install/example_interfaces_rclpy/lib/python3.10/site-packages:/opt/ros/humble/lib/python3.10/site-packages:/opt/ros/humble/local/lib/python3.10/dist-packages'), ('LC_NUMERIC', 'zh_CN.UTF-8'), ('LC_PAPER', 'zh_CN.UTF-8'), ('COLCON', '1'), ('CMAKE_PREFIX_PATH', '/home/yezi/ros2/chapt4/chapt4_ws/install/example_ros_interfaces:/home/yezi/ros2/chapt4/chapt4_ws/install/example_interfaces_rclpy:/opt/ros/humble')]), 'shell': False}
[0.191112] (example_ros_interfaces) StderrLine: {'line': b'\x1b[33mCMake Warning (deprecated) at CMakeLists.txt:1 (cmake_minimum_required):\n'}
[0.191213] (example_ros_interfaces) StderrLine: {'line': b'  Compatibility with CMake < 3.10 will be removed from a future version of\n'}
[0.191274] (example_ros_interfaces) StderrLine: {'line': b'  CMake.\n'}
[0.191316] (example_ros_interfaces) StderrLine: {'line': b'\n'}
[0.191349] (example_ros_interfaces) StderrLine: {'line': b'  Update the VERSION argument <min> value.  Or, use the <min>...<max> syntax\n'}
[0.191382] (example_ros_interfaces) StderrLine: {'line': b'  to tell CMake that the project requires at least <min> but has been updated\n'}
[0.191414] (example_ros_interfaces) StderrLine: {'line': b'  to work with policies introduced by <max> or earlier.\n'}
[0.191445] (example_ros_interfaces) StderrLine: {'line': b'This warning is for project developers.  Use -Wno-author or -Wno-deprecated\n'}
[0.191475] (example_ros_interfaces) StderrLine: {'line': b'to suppress it.\n'}
[0.191506] (example_ros_interfaces) StderrLine: {'line': b'\x1b[0m\n'}
[0.199946] (-) TimerEvent: {}
[0.235159] (example_ros_interfaces) StdoutLine: {'line': b'-- The C compiler identification is GNU 11.4.0\n'}
[0.285298] (example_ros_interfaces) StdoutLine: {'line': b'-- The CXX compiler identification is GNU 11.4.0\n'}
[0.293517] (example_ros_interfaces) StdoutLine: {'line': b'-- Detecting C compiler ABI info\n'}
[0.300057] (-) TimerEvent: {}
[0.355978] (example_ros_interfaces) StdoutLine: {'line': b'-- Detecting C compiler ABI info - done\n'}
[0.365877] (example_ros_interfaces) StdoutLine: {'line': b'-- Check for working C compiler: /usr/bin/cc - skipped\n'}
[0.366080] (example_ros_interfaces) StdoutLine: {'line': b'-- Detecting C compile features\n'}
[0.366282] (example_ros_interfaces) StdoutLine: {'line': b'-- Detecting C compile features - done\n'}
[0.378417] (example_ros_interfaces) StdoutLine: {'line': b'-- Detecting CXX compiler ABI info\n'}
[0.400167] (-) TimerEvent: {}
[0.423763] (example_interfaces_rclpy) Command: {'cmd': ['/usr/bin/python3', '-W', 'ignore:setup.py install is deprecated', '-W', 'ignore:easy_install command is deprecated', 'setup.py', 'egg_info', '--egg-base', '../../build/example_interfaces_rclpy', 'build', '--build-base', '/home/yezi/ros2/chapt4/chapt4_ws/build/example_interfaces_rclpy/build', 'install', '--record', '/home/yezi/ros2/chapt4/chapt4_ws/build/example_interfaces_rclpy/install.log', '--install-scripts', '$base/lib/example_interfaces_rclpy', '--single-version-externally-managed', 'install_data'], 'cwd': '/home/yezi/ros2/chapt4/chapt4_ws/src/example_interfaces_rclpy', 'env': {'LESSOPEN': '| /usr/bin/lesspipe %s', 'LANGUAGE': 'zh_CN:en', 'USER': 'yezi', 'SSH_CLIENT': '192.168.243.1 50703 22', 'LC_TIME': 'zh_CN.UTF-8', 'XDG_SESSION_TYPE': 'tty', 'GIT_ASKPASS': '/home/yezi/.vscode-server/cli/servers/Stable-a5b500951314efd502d07465bd138dfbd714a960/server/extensions/git/dist/askpass.sh', 'SHLVL': '1', 'LD_LIBRARY_PATH': '/home/yezi/ros2/chapt4/chapt4_ws/install/example_ros_interfaces/lib:/opt/ros/humble/opt/rviz_ogre_vendor/lib:/opt/ros/humble/lib/x86_64-linux-gnu:/opt/ros/humble/lib', 'BROWSER': '/home/yezi/.vscode-server/cli/servers/Stable-a5b500951314efd502d07465bd138dfbd714a960/server/bin/helpers/browser.sh', 'MOTD_SHOWN': 'pam', 'HOME': '/home/yezi', 'OLDPWD': '/home/yezi/ros2/chapt4', 'TERM_PROGRAM_VERSION': '1.133.0', 'VSCODE_IPC_HOOK_CLI': '/run/user/1000/vscode-ipc-973efcb5-2244-41c5-925d-4c40ff790d1b.sock', 'ROS_PYTHON_VERSION': '3', 'VSCODE_GIT_ASKPASS_MAIN': '/home/yezi/.vscode-server/cli/servers/Stable-a5b500951314efd502d07465bd138dfbd714a960/server/extensions/git/dist/askpass-main.js', 'LC_MONETARY': 'zh_CN.UTF-8', 'VSCODE_GIT_ASKPASS_NODE': '/home/yezi/.vscode-server/cli/servers/Stable-a5b500951314efd502d07465bd138dfbd714a960/server/node', 'VSCODE_PYTHON_AUTOACTIVATE_GUARD': '1', 'DBUS_SESSION_BUS_ADDRESS': 'unix:path=/run/user/1000/bus', 'COLORTERM': 'truecolor', 'COLCON_PREFIX_PATH': '/home/yezi/ros2/chapt4/chapt4_ws/install', 'ROS_DISTRO': 'humble', 'LOGNAME': 'yezi', '_': '/usr/bin/colcon', 'ROS_VERSION': '2', 'XDG_SESSION_CLASS': 'user', 'TERM': 'xterm-256color', 'XDG_SESSION_ID': '3', 'ROS_LOCALHOST_ONLY': '0', 'PATH': '/home/yezi/.vscode-server/cli/servers/Stable-a5b500951314efd502d07465bd138dfbd714a960/server/bin/remote-cli:/home/yezi/.local/bin:/opt/ros/humble/bin:/usr/local/sbin:/usr/local/bin:/usr/sbin:/usr/bin:/sbin:/bin:/usr/games:/usr/local/games:/snap/bin', 'PAPERSIZE': 'a4', 'LC_ADDRESS': 'zh_CN.UTF-8', 'XDG_RUNTIME_DIR': '/run/user/1000', 'DISPLAY': ':0', 'LANG': 'zh_CN.UTF-8', 'LC_TELEPHONE': 'zh_CN.UTF-8', 'LS_COLORS': 'rs=0:di=01;34:ln=01;36:mh=00:pi=40;33:so=01;35:do=01;35:bd=40;33;01:cd=40;33;01:or=40;31;01:mi=00:su=37;41:sg=30;43:ca=30;41:tw=30;42:ow=34;42:st=37;44:ex=01;32:*.tar=01;31:*.tgz=01;31:*.arc=01;31:*.arj=01;31:*.taz=01;31:*.lha=01;31:*.lz4=01;31:*.lzh=01;31:*.lzma=01;31:*.tlz=01;31:*.txz=01;31:*.tzo=01;31:*.t7z=01;31:*.zip=01;31:*.z=01;31:*.dz=01;31:*.gz=01;31:*.lrz=01;31:*.lz=01;31:*.lzo=01;31:*.xz=01;31:*.zst=01;31:*.tzst=01;31:*.bz2=01;31:*.bz=01;31:*.tbz=01;31:*.tbz2=01;31:*.tz=01;31:*.deb=01;31:*.rpm=01;31:*.jar=01;31:*.war=01;31:*.ear=01;31:*.sar=01;31:*.rar=01;31:*.alz=01;31:*.ace=01;31:*.zoo=01;31:*.cpio=01;31:*.7z=01;31:*.rz=01;31:*.cab=01;31:*.wim=01;31:*.swm=01;31:*.dwm=01;31:*.esd=01;31:*.jpg=01;35:*.jpeg=01;35:*.mjpg=01;35:*.mjpeg=01;35:*.gif=01;35:*.bmp=01;35:*.pbm=01;35:*.pgm=01;35:*.ppm=01;35:*.tga=01;35:*.xbm=01;35:*.xpm=01;35:*.tif=01;35:*.tiff=01;35:*.png=01;35:*.svg=01;35:*.svgz=01;35:*.mng=01;35:*.pcx=01;35:*.mov=01;35:*.mpg=01;35:*.mpeg=01;35:*.m2v=01;35:*.mkv=01;35:*.webm=01;35:*.webp=01;35:*.ogm=01;35:*.mp4=01;35:*.m4v=01;35:*.mp4v=01;35:*.vob=01;35:*.qt=01;35:*.nuv=01;35:*.wmv=01;35:*.asf=01;35:*.rm=01;35:*.rmvb=01;35:*.flc=01;35:*.avi=01;35:*.fli=01;35:*.flv=01;35:*.gl=01;35:*.dl=01;35:*.xcf=01;35:*.xwd=01;35:*.yuv=01;35:*.cgm=01;35:*.emf=01;35:*.ogv=01;35:*.ogx=01;35:*.aac=00;36:*.au=00;36:*.flac=00;36:*.m4a=00;36:*.mid=00;36:*.midi=00;36:*.mka=00;36:*.mp3=00;36:*.mpc=00;36:*.ogg=00;36:*.ra=00;36:*.wav=00;36:*.oga=00;36:*.opus=00;36:*.spx=00;36:*.xspf=00;36:', 'VSCODE_GIT_IPC_HANDLE': '/run/user/1000/vscode-git-c27b8b268b.sock', 'TERM_PROGRAM': 'vscode', 'AMENT_PREFIX_PATH': '/home/yezi/ros2/chapt4/chapt4_ws/install/example_ros_interfaces:/home/yezi/ros2/chapt4/chapt4_ws/install/example_interfaces_rclpy:/opt/ros/humble', 'SHELL': '/bin/bash', 'LC_NAME': 'zh_CN.UTF-8', 'LESSCLOSE': '/usr/bin/lesspipe %s %s', 'LC_MEASUREMENT': 'zh_CN.UTF-8', 'LC_IDENTIFICATION': 'zh_CN.UTF-8', 'VSCODE_GIT_ASKPASS_EXTRA_ARGS': '', 'PWD': '/home/yezi/ros2/chapt4/chapt4_ws/build/example_interfaces_rclpy', 'LC_ALL': 'en_US.UTF-8', 'SSH_CONNECTION': '192.168.243.1 50703 192.168.243.128 22', 'XDG_DATA_DIRS': '/usr/share/gnome:/home/yezi/.local/share/flatpak/exports/share:/var/lib/flatpak/exports/share:/usr/local/share:/usr/share:/var/lib/snapd/desktop', 'PYTHONPATH': '/home/yezi/ros2/chapt4/chapt4_ws/build/example_interfaces_rclpy/prefix_override:/usr/lib/python3/dist-packages/colcon_core/task/python/colcon_distutils_commands:/home/yezi/ros2/chapt4/chapt4_ws/install/example_interfaces_rclpy/lib/python3.10/site-packages:/home/yezi/ros2/chapt4/chapt4_ws/install/example_ros_interfaces/local/lib/python3.10/dist-packages:/home/yezi/ros2/chapt4/chapt4_ws/install/example_interfaces_rclpy/lib/python3.10/site-packages:/opt/ros/humble/lib/python3.10/site-packages:/opt/ros/humble/local/lib/python3.10/dist-packages', 'LC_NUMERIC': 'zh_CN.UTF-8', 'LC_PAPER': 'zh_CN.UTF-8', 'COLCON': '1', 'CMAKE_PREFIX_PATH': '/home/yezi/ros2/chapt4/chapt4_ws/install/example_ros_interfaces'}, 'shell': False}
[0.461540] (example_ros_interfaces) StdoutLine: {'line': b'-- Detecting CXX compiler ABI info - done\n'}
[0.472254] (example_ros_interfaces) StdoutLine: {'line': b'-- Check for working CXX compiler: /usr/bin/c++ - skipped\n'}
[0.472539] (example_ros_interfaces) StdoutLine: {'line': b'-- Detecting CXX compile features\n'}
[0.472902] (example_ros_interfaces) StdoutLine: {'line': b'-- Detecting CXX compile features - done\n'}
[0.488435] (example_ros_interfaces) StdoutLine: {'line': b'-- Found ament_cmake: 1.3.14 (/opt/ros/humble/share/ament_cmake/cmake)\n'}
[0.500280] (-) TimerEvent: {}
[0.584060] (example_ros_interfaces) StdoutLine: {'line': b'-- Found Python3: /usr/bin/python3 (found version "3.10.12") found components: Interpreter\n'}
[0.594050] (example_interfaces_rclpy) StdoutLine: {'line': b'running egg_info\n'}
[0.594276] (example_interfaces_rclpy) StdoutLine: {'line': b'creating ../../build/example_interfaces_rclpy/example_interfaces_rclpy.egg-info\n'}
[0.594420] (example_interfaces_rclpy) StdoutLine: {'line': b'writing ../../build/example_interfaces_rclpy/example_interfaces_rclpy.egg-info/PKG-INFO\n'}
[0.594524] (example_interfaces_rclpy) StdoutLine: {'line': b'writing dependency_links to ../../build/example_interfaces_rclpy/example_interfaces_rclpy.egg-info/dependency_links.txt\n'}
[0.594647] (example_interfaces_rclpy) StdoutLine: {'line': b'writing entry points to ../../build/example_interfaces_rclpy/example_interfaces_rclpy.egg-info/entry_points.txt\n'}
[0.594696] (example_interfaces_rclpy) StdoutLine: {'line': b'writing requirements to ../../build/example_interfaces_rclpy/example_interfaces_rclpy.egg-info/requires.txt\n'}
[0.595211] (example_interfaces_rclpy) StdoutLine: {'line': b'writing top-level names to ../../build/example_interfaces_rclpy/example_interfaces_rclpy.egg-info/top_level.txt\n'}
[0.595339] (example_interfaces_rclpy) StdoutLine: {'line': b"writing manifest file '../../build/example_interfaces_rclpy/example_interfaces_rclpy.egg-info/SOURCES.txt'\n"}
[0.596248] (example_interfaces_rclpy) StdoutLine: {'line': b"reading manifest file '../../build/example_interfaces_rclpy/example_interfaces_rclpy.egg-info/SOURCES.txt'\n"}
[0.596667] (example_interfaces_rclpy) StdoutLine: {'line': b"writing manifest file '../../build/example_interfaces_rclpy/example_interfaces_rclpy.egg-info/SOURCES.txt'\n"}
[0.596878] (example_interfaces_rclpy) StdoutLine: {'line': b'running build\n'}
[0.596927] (example_interfaces_rclpy) StdoutLine: {'line': b'running build_py\n'}
[0.597031] (example_interfaces_rclpy) StdoutLine: {'line': b'creating /home/yezi/ros2/chapt4/chapt4_ws/build/example_interfaces_rclpy/build\n'}
[0.597212] (example_interfaces_rclpy) StdoutLine: {'line': b'creating /home/yezi/ros2/chapt4/chapt4_ws/build/example_interfaces_rclpy/build/lib\n'}
[0.597273] (example_interfaces_rclpy) StdoutLine: {'line': b'creating /home/yezi/ros2/chapt4/chapt4_ws/build/example_interfaces_rclpy/build/lib/example_interfaces_rclpy\n'}
[0.597354] (example_interfaces_rclpy) StdoutLine: {'line': b'copying example_interfaces_rclpy/example_interfaces_control_02.py -> /home/yezi/ros2/chapt4/chapt4_ws/build/example_interfaces_rclpy/build/lib/example_interfaces_rclpy\n'}
[0.597433] (example_interfaces_rclpy) StdoutLine: {'line': b'copying example_interfaces_rclpy/__init__.py -> /home/yezi/ros2/chapt4/chapt4_ws/build/example_interfaces_rclpy/build/lib/example_interfaces_rclpy\n'}
[0.597575] (example_interfaces_rclpy) StdoutLine: {'line': b'copying example_interfaces_rclpy/example_interfaces_robot_02.py -> /home/yezi/ros2/chapt4/chapt4_ws/build/example_interfaces_rclpy/build/lib/example_interfaces_rclpy\n'}
[0.597933] (example_interfaces_rclpy) StdoutLine: {'line': b'running install\n'}
[0.598037] (example_interfaces_rclpy) StdoutLine: {'line': b'running install_lib\n'}
[0.598127] (example_interfaces_rclpy) StdoutLine: {'line': b'creating /home/yezi/ros2/chapt4/chapt4_ws/install/example_interfaces_rclpy/lib/python3.10/site-packages/example_interfaces_rclpy\n'}
[0.598274] (example_interfaces_rclpy) StdoutLine: {'line': b'copying /home/yezi/ros2/chapt4/chapt4_ws/build/example_interfaces_rclpy/build/lib/example_interfaces_rclpy/example_interfaces_control_02.py -> /home/yezi/ros2/chapt4/chapt4_ws/install/example_interfaces_rclpy/lib/python3.10/site-packages/example_interfaces_rclpy\n'}
[0.598321] (example_interfaces_rclpy) StdoutLine: {'line': b'copying /home/yezi/ros2/chapt4/chapt4_ws/build/example_interfaces_rclpy/build/lib/example_interfaces_rclpy/__init__.py -> /home/yezi/ros2/chapt4/chapt4_ws/install/example_interfaces_rclpy/lib/python3.10/site-packages/example_interfaces_rclpy\n'}
[0.598354] (example_interfaces_rclpy) StdoutLine: {'line': b'copying /home/yezi/ros2/chapt4/chapt4_ws/build/example_interfaces_rclpy/build/lib/example_interfaces_rclpy/example_interfaces_robot_02.py -> /home/yezi/ros2/chapt4/chapt4_ws/install/example_interfaces_rclpy/lib/python3.10/site-packages/example_interfaces_rclpy\n'}
[0.598456] (example_interfaces_rclpy) StdoutLine: {'line': b'byte-compiling /home/yezi/ros2/chapt4/chapt4_ws/install/example_interfaces_rclpy/lib/python3.10/site-packages/example_interfaces_rclpy/example_interfaces_control_02.py to example_interfaces_control_02.cpython-310.pyc\n'}
[0.598794] (example_interfaces_rclpy) StdoutLine: {'line': b'byte-compiling /home/yezi/ros2/chapt4/chapt4_ws/install/example_interfaces_rclpy/lib/python3.10/site-packages/example_interfaces_rclpy/__init__.py to __init__.cpython-310.pyc\n'}
[0.598940] (example_interfaces_rclpy) StdoutLine: {'line': b'byte-compiling /home/yezi/ros2/chapt4/chapt4_ws/install/example_interfaces_rclpy/lib/python3.10/site-packages/example_interfaces_rclpy/example_interfaces_robot_02.py to example_interfaces_robot_02.cpython-310.pyc\n'}
[0.599219] (example_interfaces_rclpy) StdoutLine: {'line': b'running install_data\n'}
[0.599341] (example_interfaces_rclpy) StdoutLine: {'line': b'creating /home/yezi/ros2/chapt4/chapt4_ws/install/example_interfaces_rclpy/share/ament_index\n'}
[0.599395] (example_interfaces_rclpy) StdoutLine: {'line': b'creating /home/yezi/ros2/chapt4/chapt4_ws/install/example_interfaces_rclpy/share/ament_index/resource_index\n'}
[0.599506] (example_interfaces_rclpy) StdoutLine: {'line': b'creating /home/yezi/ros2/chapt4/chapt4_ws/install/example_interfaces_rclpy/share/ament_index/resource_index/packages\n'}
[0.599554] (example_interfaces_rclpy) StdoutLine: {'line': b'copying resource/example_interfaces_rclpy -> /home/yezi/ros2/chapt4/chapt4_ws/install/example_interfaces_rclpy/share/ament_index/resource_index/packages\n'}
[0.599587] (example_interfaces_rclpy) StdoutLine: {'line': b'copying package.xml -> /home/yezi/ros2/chapt4/chapt4_ws/install/example_interfaces_rclpy/share/example_interfaces_rclpy\n'}
[0.599620] (example_interfaces_rclpy) StdoutLine: {'line': b'running install_egg_info\n'}
[0.600379] (-) TimerEvent: {}
[0.600631] (example_interfaces_rclpy) StdoutLine: {'line': b'Copying ../../build/example_interfaces_rclpy/example_interfaces_rclpy.egg-info to /home/yezi/ros2/chapt4/chapt4_ws/install/example_interfaces_rclpy/lib/python3.10/site-packages/example_interfaces_rclpy-0.0.0-py3.10.egg-info\n'}
[0.601080] (example_interfaces_rclpy) StdoutLine: {'line': b'running install_scripts\n'}
[0.613909] (example_interfaces_rclpy) StdoutLine: {'line': b'Installing example_interfaces_control_02 script to /home/yezi/ros2/chapt4/chapt4_ws/install/example_interfaces_rclpy/lib/example_interfaces_rclpy\n'}
[0.614150] (example_interfaces_rclpy) StdoutLine: {'line': b'Installing example_interfaces_robot_02 script to /home/yezi/ros2/chapt4/chapt4_ws/install/example_interfaces_rclpy/lib/example_interfaces_rclpy\n'}
[0.614227] (example_interfaces_rclpy) StdoutLine: {'line': b"writing list of installed files to '/home/yezi/ros2/chapt4/chapt4_ws/build/example_interfaces_rclpy/install.log'\n"}
[0.631417] (example_interfaces_rclpy) CommandEnded: {'returncode': 0}
[0.637546] (example_interfaces_rclpy) JobEnded: {'identifier': 'example_interfaces_rclpy', 'rc': 0}
[0.648276] (example_ros_interfaces) StdoutLine: {'line': b'-- Found rosidl_default_generators: 1.2.1 (/opt/ros/humble/share/rosidl_default_generators/cmake)\n'}
[0.650942] (example_ros_interfaces) StdoutLine: {'line': b'-- Using all available rosidl_typesupport_c: rosidl_typesupport_fastrtps_c;rosidl_typesupport_introspection_c\n'}
[0.655970] (example_ros_interfaces) StdoutLine: {'line': b'-- Found rosidl_adapter: 3.1.8 (/opt/ros/humble/share/rosidl_adapter/cmake)\n'}
[0.689085] (example_ros_interfaces) StdoutLine: {'line': b'-- Using all available rosidl_typesupport_cpp: rosidl_typesupport_fastrtps_cpp;rosidl_typesupport_introspection_cpp\n'}
[0.700480] (-) TimerEvent: {}
[0.719581] (example_ros_interfaces) StdoutLine: {'line': b'-- Found geometry_msgs: 4.9.2 (/opt/ros/humble/share/geometry_msgs/cmake)\n'}
[0.800613] (-) TimerEvent: {}
[0.900944] (-) TimerEvent: {}
[1.001425] (-) TimerEvent: {}
[1.067804] (example_ros_interfaces) StdoutLine: {'line': b'-- Found ament_cmake_ros: 0.10.0 (/opt/ros/humble/share/ament_cmake_ros/cmake)\n'}
[1.101562] (-) TimerEvent: {}
[1.201887] (-) TimerEvent: {}
[1.302187] (-) TimerEvent: {}
[1.402500] (-) TimerEvent: {}
[1.426476] (example_ros_interfaces) StdoutLine: {'line': b'-- Using all available rosidl_typesupport_c: rosidl_typesupport_fastrtps_c;rosidl_typesupport_introspection_c\n'}
[1.502605] (-) TimerEvent: {}
[1.602891] (-) TimerEvent: {}
[1.703154] (-) TimerEvent: {}
[1.803459] (-) TimerEvent: {}
[1.884092] (example_ros_interfaces) StdoutLine: {'line': b'-- Using all available rosidl_typesupport_cpp: rosidl_typesupport_fastrtps_cpp;rosidl_typesupport_introspection_cpp\n'}
[1.885718] (example_ros_interfaces) StderrLine: {'line': b'\x1b[33mCMake Warning (policy) at /opt/ros/humble/share/rosidl_generator_py/cmake/rosidl_generator_py_generate_interfaces.cmake:20 (find_package):\n'}
[1.885915] (example_ros_interfaces) StderrLine: {'line': b'  Policy CMP0148 is not set: The FindPythonInterp and FindPythonLibs modules\n'}
[1.885975] (example_ros_interfaces) StderrLine: {'line': b'  are removed.  Run "cmake --help-policy CMP0148" for policy details.  Use\n'}
[1.886014] (example_ros_interfaces) StderrLine: {'line': b'  the cmake_policy command to set the policy and suppress this warning.\n'}
[1.886047] (example_ros_interfaces) StderrLine: {'line': b'Call Stack (most recent call first):\n'}
[1.886078] (example_ros_interfaces) StderrLine: {'line': b'  /opt/ros/humble/share/ament_cmake_core/cmake/core/ament_execute_extensions.cmake:48 (include)\n'}
[1.886108] (example_ros_interfaces) StderrLine: {'line': b'  /opt/ros/humble/share/rosidl_cmake/cmake/rosidl_generate_interfaces.cmake:286 (ament_execute_extensions)\n'}
[1.886138] (example_ros_interfaces) StderrLine: {'line': b'  CMakeLists.txt:13 (rosidl_generate_interfaces)\n'}
[1.886168] (example_ros_interfaces) StderrLine: {'line': b'This warning is for project developers.  Use -Wno-author or -Wno-policy to\n'}
[1.886208] (example_ros_interfaces) StderrLine: {'line': b'suppress it.\n'}
[1.886841] (example_ros_interfaces) StderrLine: {'line': b'\x1b[0m\n'}
[1.900409] (example_ros_interfaces) StdoutLine: {'line': b'-- Found PythonInterp: /usr/bin/python3 (found suitable version "3.10.12", minimum required is "3.6")\n'}
[1.901576] (example_ros_interfaces) StdoutLine: {'line': b'-- Found python_cmake_module: 0.10.0 (/opt/ros/humble/share/python_cmake_module/cmake)\n'}
[1.901808] (example_ros_interfaces) StderrLine: {'line': b'\x1b[33mCMake Warning (policy) at /opt/ros/humble/share/python_cmake_module/cmake/Modules/FindPythonExtra.cmake:52 (find_package):\n'}
[1.901895] (example_ros_interfaces) StderrLine: {'line': b'  Policy CMP0148 is not set: The FindPythonInterp and FindPythonLibs modules\n'}
[1.901931] (example_ros_interfaces) StderrLine: {'line': b'  are removed.  Run "cmake --help-policy CMP0148" for policy details.  Use\n'}
[1.901965] (example_ros_interfaces) StderrLine: {'line': b'  the cmake_policy command to set the policy and suppress this warning.\n'}
[1.901997] (example_ros_interfaces) StderrLine: {'line': b'Call Stack (most recent call first):\n'}
[1.902029] (example_ros_interfaces) StderrLine: {'line': b'  /opt/ros/humble/share/rosidl_generator_py/cmake/rosidl_generator_py_generate_interfaces.cmake:23 (find_package)\n'}
[1.902070] (example_ros_interfaces) StderrLine: {'line': b'  /opt/ros/humble/share/ament_cmake_core/cmake/core/ament_execute_extensions.cmake:48 (include)\n'}
[1.902101] (example_ros_interfaces) StderrLine: {'line': b'  /opt/ros/humble/share/rosidl_cmake/cmake/rosidl_generate_interfaces.cmake:286 (ament_execute_extensions)\n'}
[1.902130] (example_ros_interfaces) StderrLine: {'line': b'  CMakeLists.txt:13 (rosidl_generate_interfaces)\n'}
[1.902159] (example_ros_interfaces) StderrLine: {'line': b'This warning is for project developers.  Use -Wno-author or -Wno-policy to\n'}
[1.902189] (example_ros_interfaces) StderrLine: {'line': b'suppress it.\n'}
[1.902218] (example_ros_interfaces) StderrLine: {'line': b'\x1b[0m\n'}
[1.903541] (-) TimerEvent: {}
[1.916696] (example_ros_interfaces) StderrLine: {'line': b'\x1b[33mCMake Warning (policy) at /opt/ros/humble/share/python_cmake_module/cmake/Modules/FindPythonExtra.cmake:140 (find_package):\n'}
[1.916859] (example_ros_interfaces) StderrLine: {'line': b'  Policy CMP0148 is not set: The FindPythonInterp and FindPythonLibs modules\n'}
[1.916908] (example_ros_interfaces) StderrLine: {'line': b'  are removed.  Run "cmake --help-policy CMP0148" for policy details.  Use\n'}
[1.916943] (example_ros_interfaces) StderrLine: {'line': b'  the cmake_policy command to set the policy and suppress this warning.\n'}
[1.916977] (example_ros_interfaces) StderrLine: {'line': b'Call Stack (most recent call first):\n'}
[1.917010] (example_ros_interfaces) StderrLine: {'line': b'  /opt/ros/humble/share/rosidl_generator_py/cmake/rosidl_generator_py_generate_interfaces.cmake:23 (find_package)\n'}
[1.917053] (example_ros_interfaces) StderrLine: {'line': b'  /opt/ros/humble/share/ament_cmake_core/cmake/core/ament_execute_extensions.cmake:48 (include)\n'}
[1.917083] (example_ros_interfaces) StderrLine: {'line': b'  /opt/ros/humble/share/rosidl_cmake/cmake/rosidl_generate_interfaces.cmake:286 (ament_execute_extensions)\n'}
[1.917113] (example_ros_interfaces) StderrLine: {'line': b'  CMakeLists.txt:13 (rosidl_generate_interfaces)\n'}
[1.917143] (example_ros_interfaces) StderrLine: {'line': b'This warning is for project developers.  Use -Wno-author or -Wno-policy to\n'}
[1.917172] (example_ros_interfaces) StderrLine: {'line': b'suppress it.\n'}
[1.917201] (example_ros_interfaces) StderrLine: {'line': b'\x1b[0m\n'}
[1.922536] (example_ros_interfaces) StdoutLine: {'line': b'-- Found PythonLibs: /usr/lib/x86_64-linux-gnu/libpython3.10.so (found suitable version "3.10.12", minimum required is "3.5")\n'}
[1.922723] (example_ros_interfaces) StdoutLine: {'line': b'-- Using PYTHON_EXECUTABLE: /usr/bin/python3\n'}
[1.922760] (example_ros_interfaces) StdoutLine: {'line': b'-- Using PYTHON_INCLUDE_DIRS: /usr/include/python3.10\n'}
[1.922801] (example_ros_interfaces) StdoutLine: {'line': b'-- Using PYTHON_LIBRARIES: /usr/lib/x86_64-linux-gnu/libpython3.10.so\n'}
[1.938441] (example_ros_interfaces) StdoutLine: {'line': b'-- Found PythonExtra: .so\n'}
[2.003675] (-) TimerEvent: {}
[2.092658] (example_ros_interfaces) StdoutLine: {'line': b'-- Found ament_lint_auto: 0.12.15 (/opt/ros/humble/share/ament_lint_auto/cmake)\n'}
[2.103810] (-) TimerEvent: {}
[2.107854] (example_ros_interfaces) StdoutLine: {'line': b"-- Added test 'lint_cmake' to check CMake code style\n"}
[2.108582] (example_ros_interfaces) StdoutLine: {'line': b"-- Added test 'xmllint' to check XML markup files\n"}
[2.110726] (example_ros_interfaces) StdoutLine: {'line': b'-- Configuring done (1.9s)\n'}
[2.154634] (example_ros_interfaces) StdoutLine: {'line': b'-- Generating done (0.0s)\n'}
[2.167630] (example_ros_interfaces) StdoutLine: {'line': b'-- Build files have been written to: /home/yezi/ros2/chapt4/chapt4_ws/build/example_ros_interfaces\n'}
[2.175206] (example_ros_interfaces) CommandEnded: {'returncode': 0}
[2.176618] (example_ros_interfaces) JobProgress: {'identifier': 'example_ros_interfaces', 'progress': 'build'}
[2.176766] (example_ros_interfaces) Command: {'cmd': ['/usr/bin/cmake', '--build', '/home/yezi/ros2/chapt4/chapt4_ws/build/example_ros_interfaces', '--', '-j8', '-l8'], 'cwd': '/home/yezi/ros2/chapt4/chapt4_ws/build/example_ros_interfaces', 'env': OrderedDict([('LESSOPEN', '| /usr/bin/lesspipe %s'), ('LANGUAGE', 'zh_CN:en'), ('USER', 'yezi'), ('SSH_CLIENT', '192.168.243.1 50703 22'), ('LC_TIME', 'zh_CN.UTF-8'), ('XDG_SESSION_TYPE', 'tty'), ('GIT_ASKPASS', '/home/yezi/.vscode-server/cli/servers/Stable-a5b500951314efd502d07465bd138dfbd714a960/server/extensions/git/dist/askpass.sh'), ('SHLVL', '1'), ('LD_LIBRARY_PATH', '/home/yezi/ros2/chapt4/chapt4_ws/install/example_ros_interfaces/lib:/opt/ros/humble/opt/rviz_ogre_vendor/lib:/opt/ros/humble/lib/x86_64-linux-gnu:/opt/ros/humble/lib'), ('BROWSER', '/home/yezi/.vscode-server/cli/servers/Stable-a5b500951314efd502d07465bd138dfbd714a960/server/bin/helpers/browser.sh'), ('MOTD_SHOWN', 'pam'), ('HOME', '/home/yezi'), ('OLDPWD', '/home/yezi/ros2/chapt4'), ('TERM_PROGRAM_VERSION', '1.133.0'), ('VSCODE_IPC_HOOK_CLI', '/run/user/1000/vscode-ipc-973efcb5-2244-41c5-925d-4c40ff790d1b.sock'), ('ROS_PYTHON_VERSION', '3'), ('VSCODE_GIT_ASKPASS_MAIN', '/home/yezi/.vscode-server/cli/servers/Stable-a5b500951314efd502d07465bd138dfbd714a960/server/extensions/git/dist/askpass-main.js'), ('LC_MONETARY', 'zh_CN.UTF-8'), ('VSCODE_GIT_ASKPASS_NODE', '/home/yezi/.vscode-server/cli/servers/Stable-a5b500951314efd502d07465bd138dfbd714a960/server/node'), ('VSCODE_PYTHON_AUTOACTIVATE_GUARD', '1'), ('DBUS_SESSION_BUS_ADDRESS', 'unix:path=/run/user/1000/bus'), ('COLORTERM', 'truecolor'), ('COLCON_PREFIX_PATH', '/home/yezi/ros2/chapt4/chapt4_ws/install'), ('ROS_DISTRO', 'humble'), ('LOGNAME', 'yezi'), ('_', '/usr/bin/colcon'), ('ROS_VERSION', '2'), ('XDG_SESSION_CLASS', 'user'), ('TERM', 'xterm-256color'), ('XDG_SESSION_ID', '3'), ('ROS_LOCALHOST_ONLY', '0'), ('PATH', '/home/yezi/.vscode-server/cli/servers/Stable-a5b500951314efd502d07465bd138dfbd714a960/server/bin/remote-cli:/home/yezi/.local/bin:/opt/ros/humble/bin:/usr/local/sbin:/usr/local/bin:/usr/sbin:/usr/bin:/sbin:/bin:/usr/games:/usr/local/games:/snap/bin'), ('PAPERSIZE', 'a4'), ('LC_ADDRESS', 'zh_CN.UTF-8'), ('XDG_RUNTIME_DIR', '/run/user/1000'), ('DISPLAY', ':0'), ('LANG', 'zh_CN.UTF-8'), ('LC_TELEPHONE', 'zh_CN.UTF-8'), ('LS_COLORS', 'rs=0:di=01;34:ln=01;36:mh=00:pi=40;33:so=01;35:do=01;35:bd=40;33;01:cd=40;33;01:or=40;31;01:mi=00:su=37;41:sg=30;43:ca=30;41:tw=30;42:ow=34;42:st=37;44:ex=01;32:*.tar=01;31:*.tgz=01;31:*.arc=01;31:*.arj=01;31:*.taz=01;31:*.lha=01;31:*.lz4=01;31:*.lzh=01;31:*.lzma=01;31:*.tlz=01;31:*.txz=01;31:*.tzo=01;31:*.t7z=01;31:*.zip=01;31:*.z=01;31:*.dz=01;31:*.gz=01;31:*.lrz=01;31:*.lz=01;31:*.lzo=01;31:*.xz=01;31:*.zst=01;31:*.tzst=01;31:*.bz2=01;31:*.bz=01;31:*.tbz=01;31:*.tbz2=01;31:*.tz=01;31:*.deb=01;31:*.rpm=01;31:*.jar=01;31:*.war=01;31:*.ear=01;31:*.sar=01;31:*.rar=01;31:*.alz=01;31:*.ace=01;31:*.zoo=01;31:*.cpio=01;31:*.7z=01;31:*.rz=01;31:*.cab=01;31:*.wim=01;31:*.swm=01;31:*.dwm=01;31:*.esd=01;31:*.jpg=01;35:*.jpeg=01;35:*.mjpg=01;35:*.mjpeg=01;35:*.gif=01;35:*.bmp=01;35:*.pbm=01;35:*.pgm=01;35:*.ppm=01;35:*.tga=01;35:*.xbm=01;35:*.xpm=01;35:*.tif=01;35:*.tiff=01;35:*.png=01;35:*.svg=01;35:*.svgz=01;35:*.mng=01;35:*.pcx=01;35:*.mov=01;35:*.mpg=01;35:*.mpeg=01;35:*.m2v=01;35:*.mkv=01;35:*.webm=01;35:*.webp=01;35:*.ogm=01;35:*.mp4=01;35:*.m4v=01;35:*.mp4v=01;35:*.vob=01;35:*.qt=01;35:*.nuv=01;35:*.wmv=01;35:*.asf=01;35:*.rm=01;35:*.rmvb=01;35:*.flc=01;35:*.avi=01;35:*.fli=01;35:*.flv=01;35:*.gl=01;35:*.dl=01;35:*.xcf=01;35:*.xwd=01;35:*.yuv=01;35:*.cgm=01;35:*.emf=01;35:*.ogv=01;35:*.ogx=01;35:*.aac=00;36:*.au=00;36:*.flac=00;36:*.m4a=00;36:*.mid=00;36:*.midi=00;36:*.mka=00;36:*.mp3=00;36:*.mpc=00;36:*.ogg=00;36:*.ra=00;36:*.wav=00;36:*.oga=00;36:*.opus=00;36:*.spx=00;36:*.xspf=00;36:'), ('VSCODE_GIT_IPC_HANDLE', '/run/user/1000/vscode-git-c27b8b268b.sock'), ('TERM_PROGRAM', 'vscode'), ('AMENT_PREFIX_PATH', '/home/yezi/ros2/chapt4/chapt4_ws/install/example_ros_interfaces:/home/yezi/ros2/chapt4/chapt4_ws/install/example_interfaces_rclpy:/opt/ros/humble'), ('SHELL', '/bin/bash'), ('LC_NAME', 'zh_CN.UTF-8'), ('LESSCLOSE', '/usr/bin/lesspipe %s %s'), ('LC_MEASUREMENT', 'zh_CN.UTF-8'), ('LC_IDENTIFICATION', 'zh_CN.UTF-8'), ('VSCODE_GIT_ASKPASS_EXTRA_ARGS', ''), ('PWD', '/home/yezi/ros2/chapt4/chapt4_ws/build/example_ros_interfaces'), ('LC_ALL', 'en_US.UTF-8'), ('SSH_CONNECTION', '192.168.243.1 50703 192.168.243.128 22'), ('XDG_DATA_DIRS', '/usr/share/gnome:/home/yezi/.local/share/flatpak/exports/share:/var/lib/flatpak/exports/share:/usr/local/share:/usr/share:/var/lib/snapd/desktop'), ('PYTHONPATH', '/home/yezi/ros2/chapt4/chapt4_ws/install/example_ros_interfaces/local/lib/python3.10/dist-packages:/home/yezi/ros2/chapt4/chapt4_ws/install/example_interfaces_rclpy/lib/python3.10/site-packages:/opt/ros/humble/lib/python3.10/site-packages:/opt/ros/humble/local/lib/python3.10/dist-packages'), ('LC_NUMERIC', 'zh_CN.UTF-8'), ('LC_PAPER', 'zh_CN.UTF-8'), ('COLCON', '1'), ('CMAKE_PREFIX_PATH', '/home/yezi/ros2/chapt4/chapt4_ws/install/example_ros_interfaces:/home/yezi/ros2/chapt4/chapt4_ws/install/example_interfaces_rclpy:/opt/ros/humble')]), 'shell': False}
[2.204902] (-) TimerEvent: {}
[2.206894] (example_ros_interfaces) StdoutLine: {'line': b'[  2%] \x1b[1m\x1b[34mGenerating C code for ROS interfaces\x1b[0m\n'}
[2.214391] (example_ros_interfaces) StdoutLine: {'line': b'[  4%] \x1b[1m\x1b[34mGenerating Rust code for ROS interfaces\x1b[0m\n'}
[2.214527] (example_ros_interfaces) StdoutLine: {'line': b'[  6%] \x1b[1m\x1b[34mGenerating C++ code for ROS interfaces\x1b[0m\n'}
[2.222279] (example_ros_interfaces) StdoutLine: {'line': b'[  6%] Built target ament_cmake_python_copy_example_ros_interfaces\n'}
[2.310527] (-) TimerEvent: {}
[2.386881] (example_ros_interfaces) StdoutLine: {'line': b'[  6%] Built target example_ros_interfaces__rs\n'}
[2.396188] (example_ros_interfaces) StdoutLine: {'line': b'running egg_info\n'}
[2.396626] (example_ros_interfaces) StdoutLine: {'line': b'creating example_ros_interfaces.egg-info\n'}
[2.396690] (example_ros_interfaces) StdoutLine: {'line': b'writing example_ros_interfaces.egg-info/PKG-INFO\n'}
[2.396742] (example_ros_interfaces) StdoutLine: {'line': b'writing dependency_links to example_ros_interfaces.egg-info/dependency_links.txt\n'}
[2.396800] (example_ros_interfaces) StdoutLine: {'line': b'writing top-level names to example_ros_interfaces.egg-info/top_level.txt\n'}
[2.397004] (example_ros_interfaces) StdoutLine: {'line': b"writing manifest file 'example_ros_interfaces.egg-info/SOURCES.txt'\n"}
[2.398035] (example_ros_interfaces) StdoutLine: {'line': b"reading manifest file 'example_ros_interfaces.egg-info/SOURCES.txt'\n"}
[2.398410] (example_ros_interfaces) StdoutLine: {'line': b"writing manifest file 'example_ros_interfaces.egg-info/SOURCES.txt'\n"}
[2.411923] (-) TimerEvent: {}
[2.419734] (example_ros_interfaces) StdoutLine: {'line': b'[  6%] Built target ament_cmake_python_build_example_ros_interfaces_egg\n'}
[2.441453] (example_ros_interfaces) StdoutLine: {'line': b'[ 12%] \x1b[32mBuilding C object CMakeFiles/example_ros_interfaces__rosidl_generator_c.dir/rosidl_generator_c/example_ros_interfaces/msg/detail/robot_status__functions.c.o\x1b[0m\n'}
[2.441593] (example_ros_interfaces) StdoutLine: {'line': b'[ 12%] \x1b[32mBuilding C object CMakeFiles/example_ros_interfaces__rosidl_generator_c.dir/rosidl_generator_c/example_ros_interfaces/msg/detail/robot_pose__functions.c.o\x1b[0m\n'}
[2.441636] (example_ros_interfaces) StdoutLine: {'line': b'[ 12%] \x1b[32mBuilding C object CMakeFiles/example_ros_interfaces__rosidl_generator_c.dir/rosidl_generator_c/example_ros_interfaces/srv/detail/move_robot__functions.c.o\x1b[0m\n'}
[2.441671] (example_ros_interfaces) StdoutLine: {'line': b'[ 12%] Built target example_ros_interfaces__cpp\n'}
[2.449200] (example_ros_interfaces) StdoutLine: {'line': b'[ 16%] \x1b[1m\x1b[34mGenerating C++ type support for eProsima Fast-RTPS\x1b[0m\n'}
[2.449363] (example_ros_interfaces) StdoutLine: {'line': b'[ 16%] \x1b[1m\x1b[34mGenerating C++ introspection for ROS interfaces\x1b[0m\n'}
[2.449402] (example_ros_interfaces) StdoutLine: {'line': b'[ 18%] \x1b[1m\x1b[34mGenerating C++ type support dispatch for ROS interfaces\x1b[0m\n'}
[2.479229] (example_ros_interfaces) StdoutLine: {'line': b'[ 20%] \x1b[1m\x1b[32mLinking C shared library libexample_ros_interfaces__rosidl_generator_c.so\x1b[0m\n'}
[2.507865] (example_ros_interfaces) StdoutLine: {'line': b'[ 20%] Built target example_ros_interfaces__rosidl_generator_c\n'}
[2.513144] (-) TimerEvent: {}
[2.516354] (example_ros_interfaces) StdoutLine: {'line': b'[ 22%] \x1b[1m\x1b[34mGenerating C introspection for ROS interfaces\x1b[0m\n'}
[2.517991] (example_ros_interfaces) StdoutLine: {'line': b'[ 25%] \x1b[1m\x1b[34mGenerating C type support dispatch for ROS interfaces\x1b[0m\n'}
[2.518268] (example_ros_interfaces) StdoutLine: {'line': b'[ 27%] \x1b[1m\x1b[34mGenerating C type support for eProsima Fast-RTPS\x1b[0m\n'}
[2.614822] (-) TimerEvent: {}
[2.621377] (example_ros_interfaces) StdoutLine: {'line': b'[ 29%] \x1b[32mBuilding CXX object CMakeFiles/example_ros_interfaces__rosidl_typesupport_cpp.dir/rosidl_typesupport_cpp/example_ros_interfaces/msg/robot_status__type_support.cpp.o\x1b[0m\n'}
[2.621728] (example_ros_interfaces) StdoutLine: {'line': b'[ 31%] \x1b[32mBuilding CXX object CMakeFiles/example_ros_interfaces__rosidl_typesupport_cpp.dir/rosidl_typesupport_cpp/example_ros_interfaces/msg/robot_pose__type_support.cpp.o\x1b[0m\n'}
[2.633355] (example_ros_interfaces) StdoutLine: {'line': b'[ 33%] \x1b[32mBuilding CXX object CMakeFiles/example_ros_interfaces__rosidl_typesupport_cpp.dir/rosidl_typesupport_cpp/example_ros_interfaces/srv/move_robot__type_support.cpp.o\x1b[0m\n'}
[2.648984] (example_ros_interfaces) StdoutLine: {'line': b'[ 35%] \x1b[32mBuilding CXX object CMakeFiles/example_ros_interfaces__rosidl_typesupport_introspection_cpp.dir/rosidl_typesupport_introspection_cpp/example_ros_interfaces/msg/detail/robot_pose__type_support.cpp.o\x1b[0m\n'}
[2.681942] (example_ros_interfaces) StdoutLine: {'line': b'[ 37%] \x1b[32mBuilding CXX object CMakeFiles/example_ros_interfaces__rosidl_typesupport_fastrtps_cpp.dir/rosidl_typesupport_fastrtps_cpp/example_ros_interfaces/msg/detail/dds_fastrtps/robot_pose__type_support.cpp.o\x1b[0m\n'}
[2.707955] (example_ros_interfaces) StdoutLine: {'line': b'[ 39%] \x1b[32mBuilding CXX object CMakeFiles/example_ros_interfaces__rosidl_typesupport_c.dir/rosidl_typesupport_c/example_ros_interfaces/msg/robot_pose__type_support.cpp.o\x1b[0m\n'}
[2.714949] (-) TimerEvent: {}
[2.729742] (example_ros_interfaces) StdoutLine: {'line': b'[ 41%] \x1b[32mBuilding CXX object CMakeFiles/example_ros_interfaces__rosidl_typesupport_c.dir/rosidl_typesupport_c/example_ros_interfaces/msg/robot_status__type_support.cpp.o\x1b[0m\n'}
[2.745210] (example_ros_interfaces) StdoutLine: {'line': b'[ 43%] \x1b[32mBuilding C object CMakeFiles/example_ros_interfaces__rosidl_typesupport_introspection_c.dir/rosidl_typesupport_introspection_c/example_ros_interfaces/msg/detail/robot_pose__type_support.c.o\x1b[0m\n'}
[2.752223] (example_ros_interfaces) StdoutLine: {'line': b'[ 45%] \x1b[32mBuilding CXX object CMakeFiles/example_ros_interfaces__rosidl_typesupport_c.dir/rosidl_typesupport_c/example_ros_interfaces/srv/move_robot__type_support.cpp.o\x1b[0m\n'}
[2.761824] (example_ros_interfaces) StdoutLine: {'line': b'[ 47%] \x1b[32mBuilding CXX object CMakeFiles/example_ros_interfaces__rosidl_typesupport_fastrtps_c.dir/rosidl_typesupport_fastrtps_c/example_ros_interfaces/msg/detail/robot_pose__type_support_c.cpp.o\x1b[0m\n'}
[2.773897] (example_ros_interfaces) StdoutLine: {'line': b'[ 50%] \x1b[32mBuilding C object CMakeFiles/example_ros_interfaces__rosidl_typesupport_introspection_c.dir/rosidl_typesupport_introspection_c/example_ros_interfaces/msg/detail/robot_status__type_support.c.o\x1b[0m\n'}
[2.779551] (example_ros_interfaces) StdoutLine: {'line': b'[ 52%] \x1b[1m\x1b[32mLinking CXX shared library libexample_ros_interfaces__rosidl_typesupport_c.so\x1b[0m\n'}
[2.794968] (example_ros_interfaces) StdoutLine: {'line': b'[ 54%] \x1b[32mBuilding CXX object CMakeFiles/example_ros_interfaces__rosidl_typesupport_introspection_cpp.dir/rosidl_typesupport_introspection_cpp/example_ros_interfaces/msg/detail/robot_status__type_support.cpp.o\x1b[0m\n'}
[2.798474] (example_ros_interfaces) StdoutLine: {'line': b'[ 56%] \x1b[32mBuilding C object CMakeFiles/example_ros_interfaces__rosidl_typesupport_introspection_c.dir/rosidl_typesupport_introspection_c/example_ros_interfaces/srv/detail/move_robot__type_support.c.o\x1b[0m\n'}
[2.799927] (example_ros_interfaces) StdoutLine: {'line': b'[ 58%] \x1b[32mBuilding CXX object CMakeFiles/example_ros_interfaces__rosidl_typesupport_fastrtps_cpp.dir/rosidl_typesupport_fastrtps_cpp/example_ros_interfaces/msg/detail/dds_fastrtps/robot_status__type_support.cpp.o\x1b[0m\n'}
[2.807517] (example_ros_interfaces) StdoutLine: {'line': b'[ 60%] \x1b[1m\x1b[32mLinking CXX shared library libexample_ros_interfaces__rosidl_typesupport_cpp.so\x1b[0m\n'}
[2.814017] (example_ros_interfaces) StdoutLine: {'line': b'[ 60%] Built target example_ros_interfaces__rosidl_typesupport_c\n'}
[2.815030] (-) TimerEvent: {}
[2.822031] (example_ros_interfaces) StdoutLine: {'line': b'[ 62%] \x1b[32mBuilding CXX object CMakeFiles/example_ros_interfaces__rosidl_typesupport_fastrtps_c.dir/rosidl_typesupport_fastrtps_c/example_ros_interfaces/msg/detail/robot_status__type_support_c.cpp.o\x1b[0m\n'}
[2.823081] (example_ros_interfaces) StdoutLine: {'line': b'[ 64%] \x1b[1m\x1b[32mLinking C shared library libexample_ros_interfaces__rosidl_typesupport_introspection_c.so\x1b[0m\n'}
[2.842777] (example_ros_interfaces) StdoutLine: {'line': b'[ 64%] Built target example_ros_interfaces__rosidl_typesupport_cpp\n'}
[2.849729] (example_ros_interfaces) StdoutLine: {'line': b'[ 66%] \x1b[32mBuilding CXX object CMakeFiles/example_ros_interfaces__rosidl_typesupport_introspection_cpp.dir/rosidl_typesupport_introspection_cpp/example_ros_interfaces/srv/detail/move_robot__type_support.cpp.o\x1b[0m\n'}
[2.850626] (example_ros_interfaces) StdoutLine: {'line': b'[ 66%] Built target example_ros_interfaces__rosidl_typesupport_introspection_c\n'}
[2.856930] (example_ros_interfaces) StdoutLine: {'line': b'[ 68%] \x1b[32mBuilding CXX object CMakeFiles/example_ros_interfaces__rosidl_typesupport_fastrtps_cpp.dir/rosidl_typesupport_fastrtps_cpp/example_ros_interfaces/srv/detail/dds_fastrtps/move_robot__type_support.cpp.o\x1b[0m\n'}
[2.892796] (example_ros_interfaces) StdoutLine: {'line': b'[ 70%] \x1b[32mBuilding CXX object CMakeFiles/example_ros_interfaces__rosidl_typesupport_fastrtps_c.dir/rosidl_typesupport_fastrtps_c/example_ros_interfaces/srv/detail/move_robot__type_support_c.cpp.o\x1b[0m\n'}
[2.915151] (-) TimerEvent: {}
[3.018054] (-) TimerEvent: {}
[3.070191] (example_ros_interfaces) StdoutLine: {'line': b'[ 72%] \x1b[1m\x1b[32mLinking CXX shared library libexample_ros_interfaces__rosidl_typesupport_introspection_cpp.so\x1b[0m\n'}
[3.089004] (example_ros_interfaces) StdoutLine: {'line': b'[ 75%] \x1b[1m\x1b[32mLinking CXX shared library libexample_ros_interfaces__rosidl_typesupport_fastrtps_c.so\x1b[0m\n'}
[3.092237] (example_ros_interfaces) StdoutLine: {'line': b'[ 77%] \x1b[1m\x1b[32mLinking CXX shared library libexample_ros_interfaces__rosidl_typesupport_fastrtps_cpp.so\x1b[0m\n'}
[3.114022] (example_ros_interfaces) StdoutLine: {'line': b'[ 77%] Built target example_ros_interfaces__rosidl_typesupport_introspection_cpp\n'}
[3.118161] (-) TimerEvent: {}
[3.142299] (example_ros_interfaces) StdoutLine: {'line': b'[ 77%] Built target example_ros_interfaces__rosidl_typesupport_fastrtps_cpp\n'}
[3.142451] (example_ros_interfaces) StdoutLine: {'line': b'[ 77%] Built target example_ros_interfaces__rosidl_typesupport_fastrtps_c\n'}
[3.157085] (example_ros_interfaces) StdoutLine: {'line': b'[ 77%] Built target example_ros_interfaces\n'}
[3.171195] (example_ros_interfaces) StdoutLine: {'line': b'[ 79%] \x1b[1m\x1b[34mGenerating Python code for ROS interfaces\x1b[0m\n'}
[3.218274] (-) TimerEvent: {}
[3.318560] (-) TimerEvent: {}
[3.418941] (-) TimerEvent: {}
[3.453746] (example_ros_interfaces) StdoutLine: {'line': b'[ 79%] Built target example_ros_interfaces__py\n'}
[3.468231] (example_ros_interfaces) StdoutLine: {'line': b'[ 81%] \x1b[32mBuilding C object CMakeFiles/example_ros_interfaces__rosidl_generator_py.dir/rosidl_generator_py/example_ros_interfaces/msg/_robot_pose_s.c.o\x1b[0m\n'}
[3.468446] (example_ros_interfaces) StdoutLine: {'line': b'[ 83%] \x1b[32mBuilding C object CMakeFiles/example_ros_interfaces__rosidl_generator_py.dir/rosidl_generator_py/example_ros_interfaces/msg/_robot_status_s.c.o\x1b[0m\n'}
[3.468533] (example_ros_interfaces) StdoutLine: {'line': b'[ 85%] \x1b[32mBuilding C object CMakeFiles/example_ros_interfaces__rosidl_generator_py.dir/rosidl_generator_py/example_ros_interfaces/srv/_move_robot_s.c.o\x1b[0m\n'}
[3.519172] (-) TimerEvent: {}
[3.542630] (example_ros_interfaces) StdoutLine: {'line': b'[ 87%] \x1b[1m\x1b[32mLinking C shared library rosidl_generator_py/example_ros_interfaces/libexample_ros_interfaces__rosidl_generator_py.so\x1b[0m\n'}
[3.574305] (example_ros_interfaces) StdoutLine: {'line': b'[ 87%] Built target example_ros_interfaces__rosidl_generator_py\n'}
[3.589522] (example_ros_interfaces) StdoutLine: {'line': b'[ 91%] \x1b[32mBuilding C object CMakeFiles/example_ros_interfaces__rosidl_typesupport_fastrtps_c__pyext.dir/rosidl_generator_py/example_ros_interfaces/_example_ros_interfaces_s.ep.rosidl_typesupport_fastrtps_c.c.o\x1b[0m\n'}
[3.589671] (example_ros_interfaces) StdoutLine: {'line': b'[ 91%] \x1b[32mBuilding C object CMakeFiles/example_ros_interfaces__rosidl_typesupport_introspection_c__pyext.dir/rosidl_generator_py/example_ros_interfaces/_example_ros_interfaces_s.ep.rosidl_typesupport_introspection_c.c.o\x1b[0m\n'}
[3.590371] (example_ros_interfaces) StdoutLine: {'line': b'[ 93%] \x1b[32mBuilding C object CMakeFiles/example_ros_interfaces__rosidl_typesupport_c__pyext.dir/rosidl_generator_py/example_ros_interfaces/_example_ros_interfaces_s.ep.rosidl_typesupport_c.c.o\x1b[0m\n'}
[3.619350] (-) TimerEvent: {}
[3.660043] (example_ros_interfaces) StdoutLine: {'line': b'[ 95%] \x1b[1m\x1b[32mLinking C shared library rosidl_generator_py/example_ros_interfaces/example_ros_interfaces_s__rosidl_typesupport_introspection_c.cpython-310-x86_64-linux-gnu.so\x1b[0m\n'}
[3.661330] (example_ros_interfaces) StdoutLine: {'line': b'[ 97%] \x1b[1m\x1b[32mLinking C shared library rosidl_generator_py/example_ros_interfaces/example_ros_interfaces_s__rosidl_typesupport_fastrtps_c.cpython-310-x86_64-linux-gnu.so\x1b[0m\n'}
[3.663909] (example_ros_interfaces) StdoutLine: {'line': b'[100%] \x1b[1m\x1b[32mLinking C shared library rosidl_generator_py/example_ros_interfaces/example_ros_interfaces_s__rosidl_typesupport_c.cpython-310-x86_64-linux-gnu.so\x1b[0m\n'}
[3.689124] (example_ros_interfaces) StdoutLine: {'line': b'[100%] Built target example_ros_interfaces__rosidl_typesupport_introspection_c__pyext\n'}
[3.690885] (example_ros_interfaces) StdoutLine: {'line': b'[100%] Built target example_ros_interfaces__rosidl_typesupport_fastrtps_c__pyext\n'}
[3.692684] (example_ros_interfaces) StdoutLine: {'line': b'[100%] Built target example_ros_interfaces__rosidl_typesupport_c__pyext\n'}
[3.700110] (example_ros_interfaces) CommandEnded: {'returncode': 0}
[3.700694] (example_ros_interfaces) JobProgress: {'identifier': 'example_ros_interfaces', 'progress': 'install'}
[3.707763] (example_ros_interfaces) Command: {'cmd': ['/usr/bin/cmake', '--install', '/home/yezi/ros2/chapt4/chapt4_ws/build/example_ros_interfaces'], 'cwd': '/home/yezi/ros2/chapt4/chapt4_ws/build/example_ros_interfaces', 'env': OrderedDict([('LESSOPEN', '| /usr/bin/lesspipe %s'), ('LANGUAGE', 'zh_CN:en'), ('USER', 'yezi'), ('SSH_CLIENT', '192.168.243.1 50703 22'), ('LC_TIME', 'zh_CN.UTF-8'), ('XDG_SESSION_TYPE', 'tty'), ('GIT_ASKPASS', '/home/yezi/.vscode-server/cli/servers/Stable-a5b500951314efd502d07465bd138dfbd714a960/server/extensions/git/dist/askpass.sh'), ('SHLVL', '1'), ('LD_LIBRARY_PATH', '/home/yezi/ros2/chapt4/chapt4_ws/install/example_ros_interfaces/lib:/opt/ros/humble/opt/rviz_ogre_vendor/lib:/opt/ros/humble/lib/x86_64-linux-gnu:/opt/ros/humble/lib'), ('BROWSER', '/home/yezi/.vscode-server/cli/servers/Stable-a5b500951314efd502d07465bd138dfbd714a960/server/bin/helpers/browser.sh'), ('MOTD_SHOWN', 'pam'), ('HOME', '/home/yezi'), ('OLDPWD', '/home/yezi/ros2/chapt4'), ('TERM_PROGRAM_VERSION', '1.133.0'), ('VSCODE_IPC_HOOK_CLI', '/run/user/1000/vscode-ipc-973efcb5-2244-41c5-925d-4c40ff790d1b.sock'), ('ROS_PYTHON_VERSION', '3'), ('VSCODE_GIT_ASKPASS_MAIN', '/home/yezi/.vscode-server/cli/servers/Stable-a5b500951314efd502d07465bd138dfbd714a960/server/extensions/git/dist/askpass-main.js'), ('LC_MONETARY', 'zh_CN.UTF-8'), ('VSCODE_GIT_ASKPASS_NODE', '/home/yezi/.vscode-server/cli/servers/Stable-a5b500951314efd502d07465bd138dfbd714a960/server/node'), ('VSCODE_PYTHON_AUTOACTIVATE_GUARD', '1'), ('DBUS_SESSION_BUS_ADDRESS', 'unix:path=/run/user/1000/bus'), ('COLORTERM', 'truecolor'), ('COLCON_PREFIX_PATH', '/home/yezi/ros2/chapt4/chapt4_ws/install'), ('ROS_DISTRO', 'humble'), ('LOGNAME', 'yezi'), ('_', '/usr/bin/colcon'), ('ROS_VERSION', '2'), ('XDG_SESSION_CLASS', 'user'), ('TERM', 'xterm-256color'), ('XDG_SESSION_ID', '3'), ('ROS_LOCALHOST_ONLY', '0'), ('PATH', '/home/yezi/.vscode-server/cli/servers/Stable-a5b500951314efd502d07465bd138dfbd714a960/server/bin/remote-cli:/home/yezi/.local/bin:/opt/ros/humble/bin:/usr/local/sbin:/usr/local/bin:/usr/sbin:/usr/bin:/sbin:/bin:/usr/games:/usr/local/games:/snap/bin'), ('PAPERSIZE', 'a4'), ('LC_ADDRESS', 'zh_CN.UTF-8'), ('XDG_RUNTIME_DIR', '/run/user/1000'), ('DISPLAY', ':0'), ('LANG', 'zh_CN.UTF-8'), ('LC_TELEPHONE', 'zh_CN.UTF-8'), ('LS_COLORS', 'rs=0:di=01;34:ln=01;36:mh=00:pi=40;33:so=01;35:do=01;35:bd=40;33;01:cd=40;33;01:or=40;31;01:mi=00:su=37;41:sg=30;43:ca=30;41:tw=30;42:ow=34;42:st=37;44:ex=01;32:*.tar=01;31:*.tgz=01;31:*.arc=01;31:*.arj=01;31:*.taz=01;31:*.lha=01;31:*.lz4=01;31:*.lzh=01;31:*.lzma=01;31:*.tlz=01;31:*.txz=01;31:*.tzo=01;31:*.t7z=01;31:*.zip=01;31:*.z=01;31:*.dz=01;31:*.gz=01;31:*.lrz=01;31:*.lz=01;31:*.lzo=01;31:*.xz=01;31:*.zst=01;31:*.tzst=01;31:*.bz2=01;31:*.bz=01;31:*.tbz=01;31:*.tbz2=01;31:*.tz=01;31:*.deb=01;31:*.rpm=01;31:*.jar=01;31:*.war=01;31:*.ear=01;31:*.sar=01;31:*.rar=01;31:*.alz=01;31:*.ace=01;31:*.zoo=01;31:*.cpio=01;31:*.7z=01;31:*.rz=01;31:*.cab=01;31:*.wim=01;31:*.swm=01;31:*.dwm=01;31:*.esd=01;31:*.jpg=01;35:*.jpeg=01;35:*.mjpg=01;35:*.mjpeg=01;35:*.gif=01;35:*.bmp=01;35:*.pbm=01;35:*.pgm=01;35:*.ppm=01;35:*.tga=01;35:*.xbm=01;35:*.xpm=01;35:*.tif=01;35:*.tiff=01;35:*.png=01;35:*.svg=01;35:*.svgz=01;35:*.mng=01;35:*.pcx=01;35:*.mov=01;35:*.mpg=01;35:*.mpeg=01;35:*.m2v=01;35:*.mkv=01;35:*.webm=01;35:*.webp=01;35:*.ogm=01;35:*.mp4=01;35:*.m4v=01;35:*.mp4v=01;35:*.vob=01;35:*.qt=01;35:*.nuv=01;35:*.wmv=01;35:*.asf=01;35:*.rm=01;35:*.rmvb=01;35:*.flc=01;35:*.avi=01;35:*.fli=01;35:*.flv=01;35:*.gl=01;35:*.dl=01;35:*.xcf=01;35:*.xwd=01;35:*.yuv=01;35:*.cgm=01;35:*.emf=01;35:*.ogv=01;35:*.ogx=01;35:*.aac=00;36:*.au=00;36:*.flac=00;36:*.m4a=00;36:*.mid=00;36:*.midi=00;36:*.mka=00;36:*.mp3=00;36:*.mpc=00;36:*.ogg=00;36:*.ra=00;36:*.wav=00;36:*.oga=00;36:*.opus=00;36:*.spx=00;36:*.xspf=00;36:'), ('VSCODE_GIT_IPC_HANDLE', '/run/user/1000/vscode-git-c27b8b268b.sock'), ('TERM_PROGRAM', 'vscode'), ('AMENT_PREFIX_PATH', '/home/yezi/ros2/chapt4/chapt4_ws/install/example_ros_interfaces:/home/yezi/ros2/chapt4/chapt4_ws/install/example_interfaces_rclpy:/opt/ros/humble'), ('SHELL', '/bin/bash'), ('LC_NAME', 'zh_CN.UTF-8'), ('LESSCLOSE', '/usr/bin/lesspipe %s %s'), ('LC_MEASUREMENT', 'zh_CN.UTF-8'), ('LC_IDENTIFICATION', 'zh_CN.UTF-8'), ('VSCODE_GIT_ASKPASS_EXTRA_ARGS', ''), ('PWD', '/home/yezi/ros2/chapt4/chapt4_ws/build/example_ros_interfaces'), ('LC_ALL', 'en_US.UTF-8'), ('SSH_CONNECTION', '192.168.243.1 50703 192.168.243.128 22'), ('XDG_DATA_DIRS', '/usr/share/gnome:/home/yezi/.local/share/flatpak/exports/share:/var/lib/flatpak/exports/share:/usr/local/share:/usr/share:/var/lib/snapd/desktop'), ('PYTHONPATH', '/home/yezi/ros2/chapt4/chapt4_ws/install/example_ros_interfaces/local/lib/python3.10/dist-packages:/home/yezi/ros2/chapt4/chapt4_ws/install/example_interfaces_rclpy/lib/python3.10/site-packages:/opt/ros/humble/lib/python3.10/site-packages:/opt/ros/humble/local/lib/python3.10/dist-packages'), ('LC_NUMERIC', 'zh_CN.UTF-8'), ('LC_PAPER', 'zh_CN.UTF-8'), ('COLCON', '1'), ('CMAKE_PREFIX_PATH', '/home/yezi/ros2/chapt4/chapt4_ws/install/example_ros_interfaces:/home/yezi/ros2/chapt4/chapt4_ws/install/example_interfaces_rclpy:/opt/ros/humble')]), 'shell': False}
[3.712770] (example_ros_interfaces) StdoutLine: {'line': b'-- Install configuration: ""\n'}
[3.712909] (example_ros_interfaces) StdoutLine: {'line': b'-- Installing: /home/yezi/ros2/chapt4/chapt4_ws/install/example_ros_interfaces/share/ament_index/resource_index/rosidl_interfaces/example_ros_interfaces\n'}
[3.713078] (example_ros_interfaces) StdoutLine: {'line': b'-- Installing: /home/yezi/ros2/chapt4/chapt4_ws/install/example_ros_interfaces/include/example_ros_interfaces/example_ros_interfaces\n'}
[3.713248] (example_ros_interfaces) StdoutLine: {'line': b'-- Installing: /home/yezi/ros2/chapt4/chapt4_ws/install/example_ros_interfaces/include/example_ros_interfaces/example_ros_interfaces/srv\n'}
[3.713330] (example_ros_interfaces) StdoutLine: {'line': b'-- Installing: /home/yezi/ros2/chapt4/chapt4_ws/install/example_ros_interfaces/include/example_ros_interfaces/example_ros_interfaces/srv/move_robot.h\n'}
[3.713423] (example_ros_interfaces) StdoutLine: {'line': b'-- Installing: /home/yezi/ros2/chapt4/chapt4_ws/install/example_ros_interfaces/include/example_ros_interfaces/example_ros_interfaces/srv/detail\n'}
[3.713521] (example_ros_interfaces) StdoutLine: {'line': b'-- Installing: /home/yezi/ros2/chapt4/chapt4_ws/install/example_ros_interfaces/include/example_ros_interfaces/example_ros_interfaces/srv/detail/move_robot__struct.h\n'}
[3.713650] (example_ros_interfaces) StdoutLine: {'line': b'-- Installing: /home/yezi/ros2/chapt4/chapt4_ws/install/example_ros_interfaces/include/example_ros_interfaces/example_ros_interfaces/srv/detail/move_robot__functions.c\n'}
[3.713722] (example_ros_interfaces) StdoutLine: {'line': b'-- Installing: /home/yezi/ros2/chapt4/chapt4_ws/install/example_ros_interfaces/include/example_ros_interfaces/example_ros_interfaces/srv/detail/move_robot__type_support.h\n'}
[3.713829] (example_ros_interfaces) StdoutLine: {'line': b'-- Installing: /home/yezi/ros2/chapt4/chapt4_ws/install/example_ros_interfaces/include/example_ros_interfaces/example_ros_interfaces/srv/detail/move_robot__functions.h\n'}
[3.713958] (example_ros_interfaces) StdoutLine: {'line': b'-- Installing: /home/yezi/ros2/chapt4/chapt4_ws/install/example_ros_interfaces/include/example_ros_interfaces/example_ros_interfaces/msg\n'}
[3.714030] (example_ros_interfaces) StdoutLine: {'line': b'-- Installing: /home/yezi/ros2/chapt4/chapt4_ws/install/example_ros_interfaces/include/example_ros_interfaces/example_ros_interfaces/msg/rosidl_generator_c__visibility_control.h\n'}
[3.714109] (example_ros_interfaces) StdoutLine: {'line': b'-- Installing: /home/yezi/ros2/chapt4/chapt4_ws/install/example_ros_interfaces/include/example_ros_interfaces/example_ros_interfaces/msg/robot_status.h\n'}
[3.714216] (example_ros_interfaces) StdoutLine: {'line': b'-- Installing: /home/yezi/ros2/chapt4/chapt4_ws/install/example_ros_interfaces/include/example_ros_interfaces/example_ros_interfaces/msg/robot_pose.h\n'}
[3.714286] (example_ros_interfaces) StdoutLine: {'line': b'-- Installing: /home/yezi/ros2/chapt4/chapt4_ws/install/example_ros_interfaces/include/example_ros_interfaces/example_ros_interfaces/msg/detail\n'}
[3.714364] (example_ros_interfaces) StdoutLine: {'line': b'-- Installing: /home/yezi/ros2/chapt4/chapt4_ws/install/example_ros_interfaces/include/example_ros_interfaces/example_ros_interfaces/msg/detail/robot_status__struct.h\n'}
[3.714470] (example_ros_interfaces) StdoutLine: {'line': b'-- Installing: /home/yezi/ros2/chapt4/chapt4_ws/install/example_ros_interfaces/include/example_ros_interfaces/example_ros_interfaces/msg/detail/robot_status__functions.c\n'}
[3.714530] (example_ros_interfaces) StdoutLine: {'line': b'-- Installing: /home/yezi/ros2/chapt4/chapt4_ws/install/example_ros_interfaces/include/example_ros_interfaces/example_ros_interfaces/msg/detail/robot_pose__type_support.h\n'}
[3.714563] (example_ros_interfaces) StdoutLine: {'line': b'-- Installing: /home/yezi/ros2/chapt4/chapt4_ws/install/example_ros_interfaces/include/example_ros_interfaces/example_ros_interfaces/msg/detail/robot_pose__functions.c\n'}
[3.714596] (example_ros_interfaces) StdoutLine: {'line': b'-- Installing: /home/yezi/ros2/chapt4/chapt4_ws/install/example_ros_interfaces/include/example_ros_interfaces/example_ros_interfaces/msg/detail/robot_pose__functions.h\n'}
[3.714674] (example_ros_interfaces) StdoutLine: {'line': b'-- Installing: /home/yezi/ros2/chapt4/chapt4_ws/install/example_ros_interfaces/include/example_ros_interfaces/example_ros_interfaces/msg/detail/robot_status__type_support.h\n'}
[3.714754] (example_ros_interfaces) StdoutLine: {'line': b'-- Installing: /home/yezi/ros2/chapt4/chapt4_ws/install/example_ros_interfaces/include/example_ros_interfaces/example_ros_interfaces/msg/detail/robot_status__functions.h\n'}
[3.714878] (example_ros_interfaces) StdoutLine: {'line': b'-- Installing: /home/yezi/ros2/chapt4/chapt4_ws/install/example_ros_interfaces/include/example_ros_interfaces/example_ros_interfaces/msg/detail/robot_pose__struct.h\n'}
[3.715053] (example_ros_interfaces) StdoutLine: {'line': b'-- Installing: /home/yezi/ros2/chapt4/chapt4_ws/install/example_ros_interfaces/share/example_ros_interfaces/environment/library_path.sh\n'}
[3.715098] (example_ros_interfaces) StdoutLine: {'line': b'-- Installing: /home/yezi/ros2/chapt4/chapt4_ws/install/example_ros_interfaces/share/example_ros_interfaces/environment/library_path.dsv\n'}
[3.715132] (example_ros_interfaces) StdoutLine: {'line': b'-- Installing: /home/yezi/ros2/chapt4/chapt4_ws/install/example_ros_interfaces/lib/libexample_ros_interfaces__rosidl_generator_c.so\n'}
[3.715208] (example_ros_interfaces) StdoutLine: {'line': b'-- Set non-toolchain portion of runtime path of "/home/yezi/ros2/chapt4/chapt4_ws/install/example_ros_interfaces/lib/libexample_ros_interfaces__rosidl_generator_c.so" to ""\n'}
[3.715329] (example_ros_interfaces) StdoutLine: {'line': b'-- Up-to-date: /home/yezi/ros2/chapt4/chapt4_ws/install/example_ros_interfaces/include/example_ros_interfaces/example_ros_interfaces\n'}
[3.715490] (example_ros_interfaces) StdoutLine: {'line': b'-- Up-to-date: /home/yezi/ros2/chapt4/chapt4_ws/install/example_ros_interfaces/include/example_ros_interfaces/example_ros_interfaces/srv\n'}
[3.715533] (example_ros_interfaces) StdoutLine: {'line': b'-- Up-to-date: /home/yezi/ros2/chapt4/chapt4_ws/install/example_ros_interfaces/include/example_ros_interfaces/example_ros_interfaces/srv/detail\n'}
[3.715612] (example_ros_interfaces) StdoutLine: {'line': b'-- Installing: /home/yezi/ros2/chapt4/chapt4_ws/install/example_ros_interfaces/include/example_ros_interfaces/example_ros_interfaces/srv/detail/move_robot__rosidl_typesupport_fastrtps_c.h\n'}
[3.715695] (example_ros_interfaces) StdoutLine: {'line': b'-- Up-to-date: /home/yezi/ros2/chapt4/chapt4_ws/install/example_ros_interfaces/include/example_ros_interfaces/example_ros_interfaces/msg\n'}
[3.715773] (example_ros_interfaces) StdoutLine: {'line': b'-- Installing: /home/yezi/ros2/chapt4/chapt4_ws/install/example_ros_interfaces/include/example_ros_interfaces/example_ros_interfaces/msg/rosidl_typesupport_fastrtps_c__visibility_control.h\n'}
[3.715862] (example_ros_interfaces) StdoutLine: {'line': b'-- Up-to-date: /home/yezi/ros2/chapt4/chapt4_ws/install/example_ros_interfaces/include/example_ros_interfaces/example_ros_interfaces/msg/detail\n'}
[3.715942] (example_ros_interfaces) StdoutLine: {'line': b'-- Installing: /home/yezi/ros2/chapt4/chapt4_ws/install/example_ros_interfaces/include/example_ros_interfaces/example_ros_interfaces/msg/detail/robot_pose__rosidl_typesupport_fastrtps_c.h\n'}
[3.716084] (example_ros_interfaces) StdoutLine: {'line': b'-- Installing: /home/yezi/ros2/chapt4/chapt4_ws/install/example_ros_interfaces/include/example_ros_interfaces/example_ros_interfaces/msg/detail/robot_status__rosidl_typesupport_fastrtps_c.h\n'}
[3.716127] (example_ros_interfaces) StdoutLine: {'line': b'-- Installing: /home/yezi/ros2/chapt4/chapt4_ws/install/example_ros_interfaces/lib/libexample_ros_interfaces__rosidl_typesupport_fastrtps_c.so\n'}
[3.716207] (example_ros_interfaces) StdoutLine: {'line': b'-- Set non-toolchain portion of runtime path of "/home/yezi/ros2/chapt4/chapt4_ws/install/example_ros_interfaces/lib/libexample_ros_interfaces__rosidl_typesupport_fastrtps_c.so" to ""\n'}
[3.716284] (example_ros_interfaces) StdoutLine: {'line': b'-- Up-to-date: /home/yezi/ros2/chapt4/chapt4_ws/install/example_ros_interfaces/include/example_ros_interfaces/example_ros_interfaces\n'}
[3.716361] (example_ros_interfaces) StdoutLine: {'line': b'-- Up-to-date: /home/yezi/ros2/chapt4/chapt4_ws/install/example_ros_interfaces/include/example_ros_interfaces/example_ros_interfaces/srv\n'}
[3.716465] (example_ros_interfaces) StdoutLine: {'line': b'-- Up-to-date: /home/yezi/ros2/chapt4/chapt4_ws/install/example_ros_interfaces/include/example_ros_interfaces/example_ros_interfaces/srv/detail\n'}
[3.716543] (example_ros_interfaces) StdoutLine: {'line': b'-- Installing: /home/yezi/ros2/chapt4/chapt4_ws/install/example_ros_interfaces/include/example_ros_interfaces/example_ros_interfaces/srv/detail/move_robot__rosidl_typesupport_introspection_c.h\n'}
[3.716654] (example_ros_interfaces) StdoutLine: {'line': b'-- Installing: /home/yezi/ros2/chapt4/chapt4_ws/install/example_ros_interfaces/include/example_ros_interfaces/example_ros_interfaces/srv/detail/move_robot__type_support.c\n'}
[3.716759] (example_ros_interfaces) StdoutLine: {'line': b'-- Up-to-date: /home/yezi/ros2/chapt4/chapt4_ws/install/example_ros_interfaces/include/example_ros_interfaces/example_ros_interfaces/msg\n'}
[3.716795] (example_ros_interfaces) StdoutLine: {'line': b'-- Up-to-date: /home/yezi/ros2/chapt4/chapt4_ws/install/example_ros_interfaces/include/example_ros_interfaces/example_ros_interfaces/msg/detail\n'}
[3.716828] (example_ros_interfaces) StdoutLine: {'line': b'-- Installing: /home/yezi/ros2/chapt4/chapt4_ws/install/example_ros_interfaces/include/example_ros_interfaces/example_ros_interfaces/msg/detail/robot_status__type_support.c\n'}
[3.716868] (example_ros_interfaces) StdoutLine: {'line': b'-- Installing: /home/yezi/ros2/chapt4/chapt4_ws/install/example_ros_interfaces/include/example_ros_interfaces/example_ros_interfaces/msg/detail/robot_status__rosidl_typesupport_introspection_c.h\n'}
[3.716945] (example_ros_interfaces) StdoutLine: {'line': b'-- Installing: /home/yezi/ros2/chapt4/chapt4_ws/install/example_ros_interfaces/include/example_ros_interfaces/example_ros_interfaces/msg/detail/robot_pose__rosidl_typesupport_introspection_c.h\n'}
[3.717023] (example_ros_interfaces) StdoutLine: {'line': b'-- Installing: /home/yezi/ros2/chapt4/chapt4_ws/install/example_ros_interfaces/include/example_ros_interfaces/example_ros_interfaces/msg/detail/robot_pose__type_support.c\n'}
[3.717279] (example_ros_interfaces) StdoutLine: {'line': b'-- Installing: /home/yezi/ros2/chapt4/chapt4_ws/install/example_ros_interfaces/include/example_ros_interfaces/example_ros_interfaces/msg/rosidl_typesupport_introspection_c__visibility_control.h\n'}
[3.717401] (example_ros_interfaces) StdoutLine: {'line': b'-- Installing: /home/yezi/ros2/chapt4/chapt4_ws/install/example_ros_interfaces/lib/libexample_ros_interfaces__rosidl_typesupport_introspection_c.so\n'}
[3.717480] (example_ros_interfaces) StdoutLine: {'line': b'-- Set non-toolchain portion of runtime path of "/home/yezi/ros2/chapt4/chapt4_ws/install/example_ros_interfaces/lib/libexample_ros_interfaces__rosidl_typesupport_introspection_c.so" to ""\n'}
[3.717559] (example_ros_interfaces) StdoutLine: {'line': b'-- Installing: /home/yezi/ros2/chapt4/chapt4_ws/install/example_ros_interfaces/lib/libexample_ros_interfaces__rosidl_typesupport_c.so\n'}
[3.717792] (example_ros_interfaces) StdoutLine: {'line': b'-- Set non-toolchain portion of runtime path of "/home/yezi/ros2/chapt4/chapt4_ws/install/example_ros_interfaces/lib/libexample_ros_interfaces__rosidl_typesupport_c.so" to ""\n'}
[3.717859] (example_ros_interfaces) StdoutLine: {'line': b'-- Up-to-date: /home/yezi/ros2/chapt4/chapt4_ws/install/example_ros_interfaces/include/example_ros_interfaces/example_ros_interfaces\n'}
[3.717903] (example_ros_interfaces) StdoutLine: {'line': b'-- Up-to-date: /home/yezi/ros2/chapt4/chapt4_ws/install/example_ros_interfaces/include/example_ros_interfaces/example_ros_interfaces/srv\n'}
[3.717936] (example_ros_interfaces) StdoutLine: {'line': b'-- Installing: /home/yezi/ros2/chapt4/chapt4_ws/install/example_ros_interfaces/include/example_ros_interfaces/example_ros_interfaces/srv/move_robot.hpp\n'}
[3.717990] (example_ros_interfaces) StdoutLine: {'line': b'-- Up-to-date: /home/yezi/ros2/chapt4/chapt4_ws/install/example_ros_interfaces/include/example_ros_interfaces/example_ros_interfaces/srv/detail\n'}
[3.718079] (example_ros_interfaces) StdoutLine: {'line': b'-- Installing: /home/yezi/ros2/chapt4/chapt4_ws/install/example_ros_interfaces/include/example_ros_interfaces/example_ros_interfaces/srv/detail/move_robot__type_support.hpp\n'}
[3.718126] (example_ros_interfaces) StdoutLine: {'line': b'-- Installing: /home/yezi/ros2/chapt4/chapt4_ws/install/example_ros_interfaces/include/example_ros_interfaces/example_ros_interfaces/srv/detail/move_robot__struct.hpp\n'}
[3.718241] (example_ros_interfaces) StdoutLine: {'line': b'-- Installing: /home/yezi/ros2/chapt4/chapt4_ws/install/example_ros_interfaces/include/example_ros_interfaces/example_ros_interfaces/srv/detail/move_robot__builder.hpp\n'}
[3.718417] (example_ros_interfaces) StdoutLine: {'line': b'-- Installing: /home/yezi/ros2/chapt4/chapt4_ws/install/example_ros_interfaces/include/example_ros_interfaces/example_ros_interfaces/srv/detail/move_robot__traits.hpp\n'}
[3.718508] (example_ros_interfaces) StdoutLine: {'line': b'-- Up-to-date: /home/yezi/ros2/chapt4/chapt4_ws/install/example_ros_interfaces/include/example_ros_interfaces/example_ros_interfaces/msg\n'}
[3.718647] (example_ros_interfaces) StdoutLine: {'line': b'-- Installing: /home/yezi/ros2/chapt4/chapt4_ws/install/example_ros_interfaces/include/example_ros_interfaces/example_ros_interfaces/msg/robot_pose.hpp\n'}
[3.718737] (example_ros_interfaces) StdoutLine: {'line': b'-- Installing: /home/yezi/ros2/chapt4/chapt4_ws/install/example_ros_interfaces/include/example_ros_interfaces/example_ros_interfaces/msg/robot_status.hpp\n'}
[3.718895] (example_ros_interfaces) StdoutLine: {'line': b'-- Installing: /home/yezi/ros2/chapt4/chapt4_ws/install/example_ros_interfaces/include/example_ros_interfaces/example_ros_interfaces/msg/rosidl_generator_cpp__visibility_control.hpp\n'}
[3.718981] (example_ros_interfaces) StdoutLine: {'line': b'-- Up-to-date: /home/yezi/ros2/chapt4/chapt4_ws/install/example_ros_interfaces/include/example_ros_interfaces/example_ros_interfaces/msg/detail\n'}
[3.719058] (example_ros_interfaces) StdoutLine: {'line': b'-- Installing: /home/yezi/ros2/chapt4/chapt4_ws/install/example_ros_interfaces/include/example_ros_interfaces/example_ros_interfaces/msg/detail/robot_pose__struct.hpp\n'}
[3.719139] (example_ros_interfaces) StdoutLine: {'line': b'-- Installing: /home/yezi/ros2/chapt4/chapt4_ws/install/example_ros_interfaces/include/example_ros_interfaces/example_ros_interfaces/msg/detail/robot_pose__type_support.hpp\n'}
[3.719294] (example_ros_interfaces) StdoutLine: {'line': b'-- Installing: /home/yezi/ros2/chapt4/chapt4_ws/install/example_ros_interfaces/include/example_ros_interfaces/example_ros_interfaces/msg/detail/robot_pose__builder.hpp\n'}
[3.719456] (-) TimerEvent: {}
[3.719532] (example_ros_interfaces) StdoutLine: {'line': b'-- Installing: /home/yezi/ros2/chapt4/chapt4_ws/install/example_ros_interfaces/include/example_ros_interfaces/example_ros_interfaces/msg/detail/robot_status__traits.hpp\n'}
[3.719715] (example_ros_interfaces) StdoutLine: {'line': b'-- Installing: /home/yezi/ros2/chapt4/chapt4_ws/install/example_ros_interfaces/include/example_ros_interfaces/example_ros_interfaces/msg/detail/robot_pose__traits.hpp\n'}
[3.719763] (example_ros_interfaces) StdoutLine: {'line': b'-- Installing: /home/yezi/ros2/chapt4/chapt4_ws/install/example_ros_interfaces/include/example_ros_interfaces/example_ros_interfaces/msg/detail/robot_status__builder.hpp\n'}
[3.719797] (example_ros_interfaces) StdoutLine: {'line': b'-- Installing: /home/yezi/ros2/chapt4/chapt4_ws/install/example_ros_interfaces/include/example_ros_interfaces/example_ros_interfaces/msg/detail/robot_status__type_support.hpp\n'}
[3.719829] (example_ros_interfaces) StdoutLine: {'line': b'-- Installing: /home/yezi/ros2/chapt4/chapt4_ws/install/example_ros_interfaces/include/example_ros_interfaces/example_ros_interfaces/msg/detail/robot_status__struct.hpp\n'}
[3.719872] (example_ros_interfaces) StdoutLine: {'line': b'-- Up-to-date: /home/yezi/ros2/chapt4/chapt4_ws/install/example_ros_interfaces/include/example_ros_interfaces/example_ros_interfaces\n'}
[3.719998] (example_ros_interfaces) StdoutLine: {'line': b'-- Up-to-date: /home/yezi/ros2/chapt4/chapt4_ws/install/example_ros_interfaces/include/example_ros_interfaces/example_ros_interfaces/srv\n'}
[3.720054] (example_ros_interfaces) StdoutLine: {'line': b'-- Up-to-date: /home/yezi/ros2/chapt4/chapt4_ws/install/example_ros_interfaces/include/example_ros_interfaces/example_ros_interfaces/srv/detail\n'}
[3.720137] (example_ros_interfaces) StdoutLine: {'line': b'-- Installing: /home/yezi/ros2/chapt4/chapt4_ws/install/example_ros_interfaces/include/example_ros_interfaces/example_ros_interfaces/srv/detail/move_robot__rosidl_typesupport_fastrtps_cpp.hpp\n'}
[3.720215] (example_ros_interfaces) StdoutLine: {'line': b'-- Installing: /home/yezi/ros2/chapt4/chapt4_ws/install/example_ros_interfaces/include/example_ros_interfaces/example_ros_interfaces/srv/detail/dds_fastrtps\n'}
[3.720285] (example_ros_interfaces) StdoutLine: {'line': b'-- Up-to-date: /home/yezi/ros2/chapt4/chapt4_ws/install/example_ros_interfaces/include/example_ros_interfaces/example_ros_interfaces/msg\n'}
[3.720363] (example_ros_interfaces) StdoutLine: {'line': b'-- Installing: /home/yezi/ros2/chapt4/chapt4_ws/install/example_ros_interfaces/include/example_ros_interfaces/example_ros_interfaces/msg/rosidl_typesupport_fastrtps_cpp__visibility_control.h\n'}
[3.720440] (example_ros_interfaces) StdoutLine: {'line': b'-- Up-to-date: /home/yezi/ros2/chapt4/chapt4_ws/install/example_ros_interfaces/include/example_ros_interfaces/example_ros_interfaces/msg/detail\n'}
[3.720519] (example_ros_interfaces) StdoutLine: {'line': b'-- Installing: /home/yezi/ros2/chapt4/chapt4_ws/install/example_ros_interfaces/include/example_ros_interfaces/example_ros_interfaces/msg/detail/robot_status__rosidl_typesupport_fastrtps_cpp.hpp\n'}
[3.720589] (example_ros_interfaces) StdoutLine: {'line': b'-- Installing: /home/yezi/ros2/chapt4/chapt4_ws/install/example_ros_interfaces/include/example_ros_interfaces/example_ros_interfaces/msg/detail/dds_fastrtps\n'}
[3.720699] (example_ros_interfaces) StdoutLine: {'line': b'-- Installing: /home/yezi/ros2/chapt4/chapt4_ws/install/example_ros_interfaces/include/example_ros_interfaces/example_ros_interfaces/msg/detail/robot_pose__rosidl_typesupport_fastrtps_cpp.hpp\n'}
[3.720738] (example_ros_interfaces) StdoutLine: {'line': b'-- Installing: /home/yezi/ros2/chapt4/chapt4_ws/install/example_ros_interfaces/lib/libexample_ros_interfaces__rosidl_typesupport_fastrtps_cpp.so\n'}
[3.720771] (example_ros_interfaces) StdoutLine: {'line': b'-- Set non-toolchain portion of runtime path of "/home/yezi/ros2/chapt4/chapt4_ws/install/example_ros_interfaces/lib/libexample_ros_interfaces__rosidl_typesupport_fastrtps_cpp.so" to ""\n'}
[3.720804] (example_ros_interfaces) StdoutLine: {'line': b'-- Up-to-date: /home/yezi/ros2/chapt4/chapt4_ws/install/example_ros_interfaces/include/example_ros_interfaces/example_ros_interfaces\n'}
[3.720906] (example_ros_interfaces) StdoutLine: {'line': b'-- Up-to-date: /home/yezi/ros2/chapt4/chapt4_ws/install/example_ros_interfaces/include/example_ros_interfaces/example_ros_interfaces/srv\n'}
[3.720986] (example_ros_interfaces) StdoutLine: {'line': b'-- Up-to-date: /home/yezi/ros2/chapt4/chapt4_ws/install/example_ros_interfaces/include/example_ros_interfaces/example_ros_interfaces/srv/detail\n'}
[3.721065] (example_ros_interfaces) StdoutLine: {'line': b'-- Installing: /home/yezi/ros2/chapt4/chapt4_ws/install/example_ros_interfaces/include/example_ros_interfaces/example_ros_interfaces/srv/detail/move_robot__type_support.cpp\n'}
[3.721143] (example_ros_interfaces) StdoutLine: {'line': b'-- Installing: /home/yezi/ros2/chapt4/chapt4_ws/install/example_ros_interfaces/include/example_ros_interfaces/example_ros_interfaces/srv/detail/move_robot__rosidl_typesupport_introspection_cpp.hpp\n'}
[3.721224] (example_ros_interfaces) StdoutLine: {'line': b'-- Up-to-date: /home/yezi/ros2/chapt4/chapt4_ws/install/example_ros_interfaces/include/example_ros_interfaces/example_ros_interfaces/msg\n'}
[3.721293] (example_ros_interfaces) StdoutLine: {'line': b'-- Up-to-date: /home/yezi/ros2/chapt4/chapt4_ws/install/example_ros_interfaces/include/example_ros_interfaces/example_ros_interfaces/msg/detail\n'}
[3.721400] (example_ros_interfaces) StdoutLine: {'line': b'-- Installing: /home/yezi/ros2/chapt4/chapt4_ws/install/example_ros_interfaces/include/example_ros_interfaces/example_ros_interfaces/msg/detail/robot_pose__type_support.cpp\n'}
[3.721480] (example_ros_interfaces) StdoutLine: {'line': b'-- Installing: /home/yezi/ros2/chapt4/chapt4_ws/install/example_ros_interfaces/include/example_ros_interfaces/example_ros_interfaces/msg/detail/robot_status__type_support.cpp\n'}
[3.721558] (example_ros_interfaces) StdoutLine: {'line': b'-- Installing: /home/yezi/ros2/chapt4/chapt4_ws/install/example_ros_interfaces/include/example_ros_interfaces/example_ros_interfaces/msg/detail/robot_status__rosidl_typesupport_introspection_cpp.hpp\n'}
[3.721636] (example_ros_interfaces) StdoutLine: {'line': b'-- Installing: /home/yezi/ros2/chapt4/chapt4_ws/install/example_ros_interfaces/include/example_ros_interfaces/example_ros_interfaces/msg/detail/robot_pose__rosidl_typesupport_introspection_cpp.hpp\n'}
[3.721714] (example_ros_interfaces) StdoutLine: {'line': b'-- Installing: /home/yezi/ros2/chapt4/chapt4_ws/install/example_ros_interfaces/lib/libexample_ros_interfaces__rosidl_typesupport_introspection_cpp.so\n'}
[3.721902] (example_ros_interfaces) StdoutLine: {'line': b'-- Set non-toolchain portion of runtime path of "/home/yezi/ros2/chapt4/chapt4_ws/install/example_ros_interfaces/lib/libexample_ros_interfaces__rosidl_typesupport_introspection_cpp.so" to ""\n'}
[3.721977] (example_ros_interfaces) StdoutLine: {'line': b'-- Installing: /home/yezi/ros2/chapt4/chapt4_ws/install/example_ros_interfaces/lib/libexample_ros_interfaces__rosidl_typesupport_cpp.so\n'}
[3.722104] (example_ros_interfaces) StdoutLine: {'line': b'-- Set non-toolchain portion of runtime path of "/home/yezi/ros2/chapt4/chapt4_ws/install/example_ros_interfaces/lib/libexample_ros_interfaces__rosidl_typesupport_cpp.so" to ""\n'}
[3.722223] (example_ros_interfaces) StdoutLine: {'line': b'-- Installing: /home/yezi/ros2/chapt4/chapt4_ws/install/example_ros_interfaces/share/example_ros_interfaces/environment/pythonpath.sh\n'}
[3.722354] (example_ros_interfaces) StdoutLine: {'line': b'-- Installing: /home/yezi/ros2/chapt4/chapt4_ws/install/example_ros_interfaces/share/example_ros_interfaces/environment/pythonpath.dsv\n'}
[3.722504] (example_ros_interfaces) StdoutLine: {'line': b'-- Installing: /home/yezi/ros2/chapt4/chapt4_ws/install/example_ros_interfaces/local/lib/python3.10/dist-packages/example_ros_interfaces-0.0.0-py3.10.egg-info\n'}
[3.722629] (example_ros_interfaces) StdoutLine: {'line': b'-- Installing: /home/yezi/ros2/chapt4/chapt4_ws/install/example_ros_interfaces/local/lib/python3.10/dist-packages/example_ros_interfaces-0.0.0-py3.10.egg-info/PKG-INFO\n'}
[3.722716] (example_ros_interfaces) StdoutLine: {'line': b'-- Installing: /home/yezi/ros2/chapt4/chapt4_ws/install/example_ros_interfaces/local/lib/python3.10/dist-packages/example_ros_interfaces-0.0.0-py3.10.egg-info/SOURCES.txt\n'}
[3.722794] (example_ros_interfaces) StdoutLine: {'line': b'-- Installing: /home/yezi/ros2/chapt4/chapt4_ws/install/example_ros_interfaces/local/lib/python3.10/dist-packages/example_ros_interfaces-0.0.0-py3.10.egg-info/top_level.txt\n'}
[3.722873] (example_ros_interfaces) StdoutLine: {'line': b'-- Installing: /home/yezi/ros2/chapt4/chapt4_ws/install/example_ros_interfaces/local/lib/python3.10/dist-packages/example_ros_interfaces-0.0.0-py3.10.egg-info/dependency_links.txt\n'}
[3.723002] (example_ros_interfaces) StdoutLine: {'line': b'-- Installing: /home/yezi/ros2/chapt4/chapt4_ws/install/example_ros_interfaces/local/lib/python3.10/dist-packages/example_ros_interfaces\n'}
[3.723040] (example_ros_interfaces) StdoutLine: {'line': b'-- Installing: /home/yezi/ros2/chapt4/chapt4_ws/install/example_ros_interfaces/local/lib/python3.10/dist-packages/example_ros_interfaces/_example_ros_interfaces_s.ep.rosidl_typesupport_introspection_c.c\n'}
[3.723073] (example_ros_interfaces) StdoutLine: {'line': b'-- Installing: /home/yezi/ros2/chapt4/chapt4_ws/install/example_ros_interfaces/local/lib/python3.10/dist-packages/example_ros_interfaces/libexample_ros_interfaces__rosidl_generator_py.so\n'}
[3.723105] (example_ros_interfaces) StdoutLine: {'line': b'-- Installing: /home/yezi/ros2/chapt4/chapt4_ws/install/example_ros_interfaces/local/lib/python3.10/dist-packages/example_ros_interfaces/example_ros_interfaces_s__rosidl_typesupport_introspection_c.cpython-310-x86_64-linux-gnu.so\n'}
[3.723137] (example_ros_interfaces) StdoutLine: {'line': b'-- Installing: /home/yezi/ros2/chapt4/chapt4_ws/install/example_ros_interfaces/local/lib/python3.10/dist-packages/example_ros_interfaces/example_ros_interfaces_s__rosidl_typesupport_c.cpython-310-x86_64-linux-gnu.so\n'}
[3.723168] (example_ros_interfaces) StdoutLine: {'line': b'-- Installing: /home/yezi/ros2/chapt4/chapt4_ws/install/example_ros_interfaces/local/lib/python3.10/dist-packages/example_ros_interfaces/__init__.py\n'}
[3.723205] (example_ros_interfaces) StdoutLine: {'line': b'-- Installing: /home/yezi/ros2/chapt4/chapt4_ws/install/example_ros_interfaces/local/lib/python3.10/dist-packages/example_ros_interfaces/example_ros_interfaces_s__rosidl_typesupport_fastrtps_c.cpython-310-x86_64-linux-gnu.so\n'}
[3.723237] (example_ros_interfaces) StdoutLine: {'line': b'-- Installing: /home/yezi/ros2/chapt4/chapt4_ws/install/example_ros_interfaces/local/lib/python3.10/dist-packages/example_ros_interfaces/srv\n'}
[3.723268] (example_ros_interfaces) StdoutLine: {'line': b'-- Installing: /home/yezi/ros2/chapt4/chapt4_ws/install/example_ros_interfaces/local/lib/python3.10/dist-packages/example_ros_interfaces/srv/__init__.py\n'}
[3.723325] (example_ros_interfaces) StdoutLine: {'line': b'-- Installing: /home/yezi/ros2/chapt4/chapt4_ws/install/example_ros_interfaces/local/lib/python3.10/dist-packages/example_ros_interfaces/srv/_move_robot_s.c\n'}
[3.723358] (example_ros_interfaces) StdoutLine: {'line': b'-- Installing: /home/yezi/ros2/chapt4/chapt4_ws/install/example_ros_interfaces/local/lib/python3.10/dist-packages/example_ros_interfaces/srv/_move_robot.py\n'}
[3.723393] (example_ros_interfaces) StdoutLine: {'line': b'-- Installing: /home/yezi/ros2/chapt4/chapt4_ws/install/example_ros_interfaces/local/lib/python3.10/dist-packages/example_ros_interfaces/_example_ros_interfaces_s.ep.rosidl_typesupport_fastrtps_c.c\n'}
[3.723424] (example_ros_interfaces) StdoutLine: {'line': b'-- Installing: /home/yezi/ros2/chapt4/chapt4_ws/install/example_ros_interfaces/local/lib/python3.10/dist-packages/example_ros_interfaces/msg\n'}
[3.723455] (example_ros_interfaces) StdoutLine: {'line': b'-- Installing: /home/yezi/ros2/chapt4/chapt4_ws/install/example_ros_interfaces/local/lib/python3.10/dist-packages/example_ros_interfaces/msg/_robot_status_s.c\n'}
[3.723512] (example_ros_interfaces) StdoutLine: {'line': b'-- Installing: /home/yezi/ros2/chapt4/chapt4_ws/install/example_ros_interfaces/local/lib/python3.10/dist-packages/example_ros_interfaces/msg/__init__.py\n'}
[3.723570] (example_ros_interfaces) StdoutLine: {'line': b'-- Installing: /home/yezi/ros2/chapt4/chapt4_ws/install/example_ros_interfaces/local/lib/python3.10/dist-packages/example_ros_interfaces/msg/_robot_pose_s.c\n'}
[3.723603] (example_ros_interfaces) StdoutLine: {'line': b'-- Installing: /home/yezi/ros2/chapt4/chapt4_ws/install/example_ros_interfaces/local/lib/python3.10/dist-packages/example_ros_interfaces/msg/_robot_pose.py\n'}
[3.723634] (example_ros_interfaces) StdoutLine: {'line': b'-- Installing: /home/yezi/ros2/chapt4/chapt4_ws/install/example_ros_interfaces/local/lib/python3.10/dist-packages/example_ros_interfaces/msg/_robot_status.py\n'}
[3.723666] (example_ros_interfaces) StdoutLine: {'line': b'-- Installing: /home/yezi/ros2/chapt4/chapt4_ws/install/example_ros_interfaces/local/lib/python3.10/dist-packages/example_ros_interfaces/_example_ros_interfaces_s.ep.rosidl_typesupport_c.c\n'}
[3.749097] (example_ros_interfaces) StdoutLine: {'line': b"Listing '/home/yezi/ros2/chapt4/chapt4_ws/install/example_ros_interfaces/local/lib/python3.10/dist-packages/example_ros_interfaces'...\n"}
[3.749242] (example_ros_interfaces) StdoutLine: {'line': b"Compiling '/home/yezi/ros2/chapt4/chapt4_ws/install/example_ros_interfaces/local/lib/python3.10/dist-packages/example_ros_interfaces/__init__.py'...\n"}
[3.749280] (example_ros_interfaces) StdoutLine: {'line': b"Listing '/home/yezi/ros2/chapt4/chapt4_ws/install/example_ros_interfaces/local/lib/python3.10/dist-packages/example_ros_interfaces/msg'...\n"}
[3.749313] (example_ros_interfaces) StdoutLine: {'line': b"Compiling '/home/yezi/ros2/chapt4/chapt4_ws/install/example_ros_interfaces/local/lib/python3.10/dist-packages/example_ros_interfaces/msg/__init__.py'...\n"}
[3.749349] (example_ros_interfaces) StdoutLine: {'line': b"Compiling '/home/yezi/ros2/chapt4/chapt4_ws/install/example_ros_interfaces/local/lib/python3.10/dist-packages/example_ros_interfaces/msg/_robot_pose.py'...\n"}
[3.749381] (example_ros_interfaces) StdoutLine: {'line': b"Compiling '/home/yezi/ros2/chapt4/chapt4_ws/install/example_ros_interfaces/local/lib/python3.10/dist-packages/example_ros_interfaces/msg/_robot_status.py'...\n"}
[3.749446] (example_ros_interfaces) StdoutLine: {'line': b"Listing '/home/yezi/ros2/chapt4/chapt4_ws/install/example_ros_interfaces/local/lib/python3.10/dist-packages/example_ros_interfaces/srv'...\n"}
[3.749477] (example_ros_interfaces) StdoutLine: {'line': b"Compiling '/home/yezi/ros2/chapt4/chapt4_ws/install/example_ros_interfaces/local/lib/python3.10/dist-packages/example_ros_interfaces/srv/__init__.py'...\n"}
[3.749508] (example_ros_interfaces) StdoutLine: {'line': b"Compiling '/home/yezi/ros2/chapt4/chapt4_ws/install/example_ros_interfaces/local/lib/python3.10/dist-packages/example_ros_interfaces/srv/_move_robot.py'...\n"}
[3.751866] (example_ros_interfaces) StdoutLine: {'line': b'-- Installing: /home/yezi/ros2/chapt4/chapt4_ws/install/example_ros_interfaces/local/lib/python3.10/dist-packages/example_ros_interfaces/example_ros_interfaces_s__rosidl_typesupport_fastrtps_c.cpython-310-x86_64-linux-gnu.so\n'}
[3.752153] (example_ros_interfaces) StdoutLine: {'line': b'-- Set non-toolchain portion of runtime path of "/home/yezi/ros2/chapt4/chapt4_ws/install/example_ros_interfaces/local/lib/python3.10/dist-packages/example_ros_interfaces/example_ros_interfaces_s__rosidl_typesupport_fastrtps_c.cpython-310-x86_64-linux-gnu.so" to ""\n'}
[3.752401] (example_ros_interfaces) StdoutLine: {'line': b'-- Installing: /home/yezi/ros2/chapt4/chapt4_ws/install/example_ros_interfaces/local/lib/python3.10/dist-packages/example_ros_interfaces/example_ros_interfaces_s__rosidl_typesupport_introspection_c.cpython-310-x86_64-linux-gnu.so\n'}
[3.752937] (example_ros_interfaces) StdoutLine: {'line': b'-- Set non-toolchain portion of runtime path of "/home/yezi/ros2/chapt4/chapt4_ws/install/example_ros_interfaces/local/lib/python3.10/dist-packages/example_ros_interfaces/example_ros_interfaces_s__rosidl_typesupport_introspection_c.cpython-310-x86_64-linux-gnu.so" to ""\n'}
[3.753010] (example_ros_interfaces) StdoutLine: {'line': b'-- Installing: /home/yezi/ros2/chapt4/chapt4_ws/install/example_ros_interfaces/local/lib/python3.10/dist-packages/example_ros_interfaces/example_ros_interfaces_s__rosidl_typesupport_c.cpython-310-x86_64-linux-gnu.so\n'}
[3.753113] (example_ros_interfaces) StdoutLine: {'line': b'-- Set non-toolchain portion of runtime path of "/home/yezi/ros2/chapt4/chapt4_ws/install/example_ros_interfaces/local/lib/python3.10/dist-packages/example_ros_interfaces/example_ros_interfaces_s__rosidl_typesupport_c.cpython-310-x86_64-linux-gnu.so" to ""\n'}
[3.753830] (example_ros_interfaces) StdoutLine: {'line': b'-- Installing: /home/yezi/ros2/chapt4/chapt4_ws/install/example_ros_interfaces/lib/libexample_ros_interfaces__rosidl_generator_py.so\n'}
[3.753998] (example_ros_interfaces) StdoutLine: {'line': b'-- Set non-toolchain portion of runtime path of "/home/yezi/ros2/chapt4/chapt4_ws/install/example_ros_interfaces/lib/libexample_ros_interfaces__rosidl_generator_py.so" to ""\n'}
[3.754039] (example_ros_interfaces) StdoutLine: {'line': b'-- Installing: /home/yezi/ros2/chapt4/chapt4_ws/install/example_ros_interfaces/share/ament_index/resource_index/rust_packages/example_ros_interfaces\n'}
[3.754111] (example_ros_interfaces) StdoutLine: {'line': b'-- Installing: /home/yezi/ros2/chapt4/chapt4_ws/install/example_ros_interfaces/share/example_ros_interfaces/rust\n'}
[3.754183] (example_ros_interfaces) StdoutLine: {'line': b'-- Installing: /home/yezi/ros2/chapt4/chapt4_ws/install/example_ros_interfaces/share/example_ros_interfaces/rust/Cargo.toml\n'}
[3.754275] (example_ros_interfaces) StdoutLine: {'line': b'-- Installing: /home/yezi/ros2/chapt4/chapt4_ws/install/example_ros_interfaces/share/example_ros_interfaces/rust/src\n'}
[3.754352] (example_ros_interfaces) StdoutLine: {'line': b'-- Installing: /home/yezi/ros2/chapt4/chapt4_ws/install/example_ros_interfaces/share/example_ros_interfaces/rust/src/srv.rs\n'}
[3.754430] (example_ros_interfaces) StdoutLine: {'line': b'-- Installing: /home/yezi/ros2/chapt4/chapt4_ws/install/example_ros_interfaces/share/example_ros_interfaces/rust/src/lib.rs\n'}
[3.754507] (example_ros_interfaces) StdoutLine: {'line': b'-- Installing: /home/yezi/ros2/chapt4/chapt4_ws/install/example_ros_interfaces/share/example_ros_interfaces/rust/src/msg.rs\n'}
[3.754584] (example_ros_interfaces) StdoutLine: {'line': b'-- Installing: /home/yezi/ros2/chapt4/chapt4_ws/install/example_ros_interfaces/share/example_ros_interfaces/rust/src/srv\n'}
[3.754662] (example_ros_interfaces) StdoutLine: {'line': b'-- Installing: /home/yezi/ros2/chapt4/chapt4_ws/install/example_ros_interfaces/share/example_ros_interfaces/rust/src/srv/rmw.rs\n'}
[3.754747] (example_ros_interfaces) StdoutLine: {'line': b'-- Installing: /home/yezi/ros2/chapt4/chapt4_ws/install/example_ros_interfaces/share/example_ros_interfaces/rust/src/msg\n'}
[3.754949] (example_ros_interfaces) StdoutLine: {'line': b'-- Installing: /home/yezi/ros2/chapt4/chapt4_ws/install/example_ros_interfaces/share/example_ros_interfaces/rust/src/msg/rmw.rs\n'}
[3.754995] (example_ros_interfaces) StdoutLine: {'line': b'-- Installing: /home/yezi/ros2/chapt4/chapt4_ws/install/example_ros_interfaces/share/example_ros_interfaces/rust/build.rs\n'}
[3.755091] (example_ros_interfaces) StdoutLine: {'line': b'-- Installing: /home/yezi/ros2/chapt4/chapt4_ws/install/example_ros_interfaces/share/example_ros_interfaces/msg/RobotPose.idl\n'}
[3.755171] (example_ros_interfaces) StdoutLine: {'line': b'-- Installing: /home/yezi/ros2/chapt4/chapt4_ws/install/example_ros_interfaces/share/example_ros_interfaces/msg/RobotStatus.idl\n'}
[3.755250] (example_ros_interfaces) StdoutLine: {'line': b'-- Installing: /home/yezi/ros2/chapt4/chapt4_ws/install/example_ros_interfaces/share/example_ros_interfaces/srv/MoveRobot.idl\n'}
[3.755310] (example_ros_interfaces) StdoutLine: {'line': b'-- Installing: /home/yezi/ros2/chapt4/chapt4_ws/install/example_ros_interfaces/share/example_ros_interfaces/msg/RobotPose.msg\n'}
[3.755387] (example_ros_interfaces) StdoutLine: {'line': b'-- Installing: /home/yezi/ros2/chapt4/chapt4_ws/install/example_ros_interfaces/share/example_ros_interfaces/msg/RobotStatus.msg\n'}
[3.755464] (example_ros_interfaces) StdoutLine: {'line': b'-- Installing: /home/yezi/ros2/chapt4/chapt4_ws/install/example_ros_interfaces/share/example_ros_interfaces/srv/MoveRobot.srv\n'}
[3.755540] (example_ros_interfaces) StdoutLine: {'line': b'-- Installing: /home/yezi/ros2/chapt4/chapt4_ws/install/example_ros_interfaces/share/example_ros_interfaces/srv/MoveRobot_Request.msg\n'}
[3.755617] (example_ros_interfaces) StdoutLine: {'line': b'-- Installing: /home/yezi/ros2/chapt4/chapt4_ws/install/example_ros_interfaces/share/example_ros_interfaces/srv/MoveRobot_Response.msg\n'}
[3.755695] (example_ros_interfaces) StdoutLine: {'line': b'-- Installing: /home/yezi/ros2/chapt4/chapt4_ws/install/example_ros_interfaces/share/ament_index/resource_index/package_run_dependencies/example_ros_interfaces\n'}
[3.755773] (example_ros_interfaces) StdoutLine: {'line': b'-- Installing: /home/yezi/ros2/chapt4/chapt4_ws/install/example_ros_interfaces/share/ament_index/resource_index/parent_prefix_path/example_ros_interfaces\n'}
[3.755929] (example_ros_interfaces) StdoutLine: {'line': b'-- Installing: /home/yezi/ros2/chapt4/chapt4_ws/install/example_ros_interfaces/share/example_ros_interfaces/environment/ament_prefix_path.sh\n'}
[3.755979] (example_ros_interfaces) StdoutLine: {'line': b'-- Installing: /home/yezi/ros2/chapt4/chapt4_ws/install/example_ros_interfaces/share/example_ros_interfaces/environment/ament_prefix_path.dsv\n'}
[3.756047] (example_ros_interfaces) StdoutLine: {'line': b'-- Installing: /home/yezi/ros2/chapt4/chapt4_ws/install/example_ros_interfaces/share/example_ros_interfaces/environment/path.sh\n'}
[3.756125] (example_ros_interfaces) StdoutLine: {'line': b'-- Installing: /home/yezi/ros2/chapt4/chapt4_ws/install/example_ros_interfaces/share/example_ros_interfaces/environment/path.dsv\n'}
[3.756202] (example_ros_interfaces) StdoutLine: {'line': b'-- Installing: /home/yezi/ros2/chapt4/chapt4_ws/install/example_ros_interfaces/share/example_ros_interfaces/local_setup.bash\n'}
[3.756280] (example_ros_interfaces) StdoutLine: {'line': b'-- Installing: /home/yezi/ros2/chapt4/chapt4_ws/install/example_ros_interfaces/share/example_ros_interfaces/local_setup.sh\n'}
[3.756405] (example_ros_interfaces) StdoutLine: {'line': b'-- Installing: /home/yezi/ros2/chapt4/chapt4_ws/install/example_ros_interfaces/share/example_ros_interfaces/local_setup.zsh\n'}
[3.756445] (example_ros_interfaces) StdoutLine: {'line': b'-- Installing: /home/yezi/ros2/chapt4/chapt4_ws/install/example_ros_interfaces/share/example_ros_interfaces/local_setup.dsv\n'}
[3.756511] (example_ros_interfaces) StdoutLine: {'line': b'-- Installing: /home/yezi/ros2/chapt4/chapt4_ws/install/example_ros_interfaces/share/example_ros_interfaces/package.dsv\n'}
[3.756589] (example_ros_interfaces) StdoutLine: {'line': b'-- Installing: /home/yezi/ros2/chapt4/chapt4_ws/install/example_ros_interfaces/share/ament_index/resource_index/packages/example_ros_interfaces\n'}
[3.756666] (example_ros_interfaces) StdoutLine: {'line': b'-- Installing: /home/yezi/ros2/chapt4/chapt4_ws/install/example_ros_interfaces/share/example_ros_interfaces/cmake/export_example_ros_interfaces__rosidl_generator_cExport.cmake\n'}
[3.756745] (example_ros_interfaces) StdoutLine: {'line': b'-- Installing: /home/yezi/ros2/chapt4/chapt4_ws/install/example_ros_interfaces/share/example_ros_interfaces/cmake/export_example_ros_interfaces__rosidl_generator_cExport-noconfig.cmake\n'}
[3.756822] (example_ros_interfaces) StdoutLine: {'line': b'-- Installing: /home/yezi/ros2/chapt4/chapt4_ws/install/example_ros_interfaces/share/example_ros_interfaces/cmake/export_example_ros_interfaces__rosidl_typesupport_fastrtps_cExport.cmake\n'}
[3.756941] (example_ros_interfaces) StdoutLine: {'line': b'-- Installing: /home/yezi/ros2/chapt4/chapt4_ws/install/example_ros_interfaces/share/example_ros_interfaces/cmake/export_example_ros_interfaces__rosidl_typesupport_fastrtps_cExport-noconfig.cmake\n'}
[3.757069] (example_ros_interfaces) StdoutLine: {'line': b'-- Installing: /home/yezi/ros2/chapt4/chapt4_ws/install/example_ros_interfaces/share/example_ros_interfaces/cmake/example_ros_interfaces__rosidl_typesupport_introspection_cExport.cmake\n'}
[3.757138] (example_ros_interfaces) StdoutLine: {'line': b'-- Installing: /home/yezi/ros2/chapt4/chapt4_ws/install/example_ros_interfaces/share/example_ros_interfaces/cmake/example_ros_interfaces__rosidl_typesupport_introspection_cExport-noconfig.cmake\n'}
[3.757174] (example_ros_interfaces) StdoutLine: {'line': b'-- Installing: /home/yezi/ros2/chapt4/chapt4_ws/install/example_ros_interfaces/share/example_ros_interfaces/cmake/example_ros_interfaces__rosidl_typesupport_cExport.cmake\n'}
[3.757206] (example_ros_interfaces) StdoutLine: {'line': b'-- Installing: /home/yezi/ros2/chapt4/chapt4_ws/install/example_ros_interfaces/share/example_ros_interfaces/cmake/example_ros_interfaces__rosidl_typesupport_cExport-noconfig.cmake\n'}
[3.757236] (example_ros_interfaces) StdoutLine: {'line': b'-- Installing: /home/yezi/ros2/chapt4/chapt4_ws/install/example_ros_interfaces/share/example_ros_interfaces/cmake/export_example_ros_interfaces__rosidl_generator_cppExport.cmake\n'}
[3.757267] (example_ros_interfaces) StdoutLine: {'line': b'-- Installing: /home/yezi/ros2/chapt4/chapt4_ws/install/example_ros_interfaces/share/example_ros_interfaces/cmake/export_example_ros_interfaces__rosidl_typesupport_fastrtps_cppExport.cmake\n'}
[3.757301] (example_ros_interfaces) StdoutLine: {'line': b'-- Installing: /home/yezi/ros2/chapt4/chapt4_ws/install/example_ros_interfaces/share/example_ros_interfaces/cmake/export_example_ros_interfaces__rosidl_typesupport_fastrtps_cppExport-noconfig.cmake\n'}
[3.757332] (example_ros_interfaces) StdoutLine: {'line': b'-- Installing: /home/yezi/ros2/chapt4/chapt4_ws/install/example_ros_interfaces/share/example_ros_interfaces/cmake/example_ros_interfaces__rosidl_typesupport_introspection_cppExport.cmake\n'}
[3.757364] (example_ros_interfaces) StdoutLine: {'line': b'-- Installing: /home/yezi/ros2/chapt4/chapt4_ws/install/example_ros_interfaces/share/example_ros_interfaces/cmake/example_ros_interfaces__rosidl_typesupport_introspection_cppExport-noconfig.cmake\n'}
[3.757395] (example_ros_interfaces) StdoutLine: {'line': b'-- Installing: /home/yezi/ros2/chapt4/chapt4_ws/install/example_ros_interfaces/share/example_ros_interfaces/cmake/example_ros_interfaces__rosidl_typesupport_cppExport.cmake\n'}
[3.757426] (example_ros_interfaces) StdoutLine: {'line': b'-- Installing: /home/yezi/ros2/chapt4/chapt4_ws/install/example_ros_interfaces/share/example_ros_interfaces/cmake/example_ros_interfaces__rosidl_typesupport_cppExport-noconfig.cmake\n'}
[3.757456] (example_ros_interfaces) StdoutLine: {'line': b'-- Installing: /home/yezi/ros2/chapt4/chapt4_ws/install/example_ros_interfaces/share/example_ros_interfaces/cmake/export_example_ros_interfaces__rosidl_generator_pyExport.cmake\n'}
[3.757488] (example_ros_interfaces) StdoutLine: {'line': b'-- Installing: /home/yezi/ros2/chapt4/chapt4_ws/install/example_ros_interfaces/share/example_ros_interfaces/cmake/export_example_ros_interfaces__rosidl_generator_pyExport-noconfig.cmake\n'}
[3.757561] (example_ros_interfaces) StdoutLine: {'line': b'-- Installing: /home/yezi/ros2/chapt4/chapt4_ws/install/example_ros_interfaces/share/example_ros_interfaces/cmake/rosidl_cmake-extras.cmake\n'}
[3.757655] (example_ros_interfaces) StdoutLine: {'line': b'-- Installing: /home/yezi/ros2/chapt4/chapt4_ws/install/example_ros_interfaces/share/example_ros_interfaces/cmake/ament_cmake_export_dependencies-extras.cmake\n'}
[3.757746] (example_ros_interfaces) StdoutLine: {'line': b'-- Installing: /home/yezi/ros2/chapt4/chapt4_ws/install/example_ros_interfaces/share/example_ros_interfaces/cmake/ament_cmake_export_include_directories-extras.cmake\n'}
[3.757846] (example_ros_interfaces) StdoutLine: {'line': b'-- Installing: /home/yezi/ros2/chapt4/chapt4_ws/install/example_ros_interfaces/share/example_ros_interfaces/cmake/ament_cmake_export_libraries-extras.cmake\n'}
[3.757925] (example_ros_interfaces) StdoutLine: {'line': b'-- Installing: /home/yezi/ros2/chapt4/chapt4_ws/install/example_ros_interfaces/share/example_ros_interfaces/cmake/ament_cmake_export_targets-extras.cmake\n'}
[3.757991] (example_ros_interfaces) StdoutLine: {'line': b'-- Installing: /home/yezi/ros2/chapt4/chapt4_ws/install/example_ros_interfaces/share/example_ros_interfaces/cmake/rosidl_cmake_export_typesupport_targets-extras.cmake\n'}
[3.758077] (example_ros_interfaces) StdoutLine: {'line': b'-- Installing: /home/yezi/ros2/chapt4/chapt4_ws/install/example_ros_interfaces/share/example_ros_interfaces/cmake/rosidl_cmake_export_typesupport_libraries-extras.cmake\n'}
[3.758140] (example_ros_interfaces) StdoutLine: {'line': b'-- Installing: /home/yezi/ros2/chapt4/chapt4_ws/install/example_ros_interfaces/share/example_ros_interfaces/cmake/example_ros_interfacesConfig.cmake\n'}
[3.758204] (example_ros_interfaces) StdoutLine: {'line': b'-- Installing: /home/yezi/ros2/chapt4/chapt4_ws/install/example_ros_interfaces/share/example_ros_interfaces/cmake/example_ros_interfacesConfig-version.cmake\n'}
[3.758271] (example_ros_interfaces) StdoutLine: {'line': b'-- Installing: /home/yezi/ros2/chapt4/chapt4_ws/install/example_ros_interfaces/share/example_ros_interfaces/package.xml\n'}
[3.759980] (example_ros_interfaces) CommandEnded: {'returncode': 0}
[3.771233] (example_ros_interfaces) JobEnded: {'identifier': 'example_ros_interfaces', 'rc': 0}
[3.771964] (-) EventReactorShutdown: {}
